instancia,abordagem,semente,n_vertices,p,r,iteracoes_planejadas,iteracoes_executadas,cobertura_final,distancia_final,tempo_execucao,iter_best_found,time_best_found,best_sol,best_tour,erro
att532.tsp,GRASP com VND,0,532,20,279.0,1000,269,532,7121,600.0000686645508,114,228.42453145980835,"[301, 482, 391, 14, 496, 504, 200, 183, 405, 397, 383, 336, 399, 486, 287, 273, 421, 407, 158, 38]","[301, 405, 421, 496, 486, 397, 482, 504, 383, 399, 391, 407, 287, 14, 38, 200, 158, 183, 273, 336]",
att532.tsp,GRASP com VND,1,532,20,279.0,1000,241,532,7155,600.0000143051147,230,559.2785053253174,"[496, 445, 403, 14, 504, 48, 183, 301, 397, 399, 200, 486, 336, 273, 407, 158, 297, 383, 405, 482]","[496, 445, 405, 301, 336, 273, 183, 158, 200, 48, 14, 297, 407, 403, 399, 383, 504, 482, 397, 486]",
att532.tsp,GRASP com VND,2,532,20,279.0,1000,248,532,7272,600.0000329017639,175,412.4539430141449,"[287, 257, 406, 504, 456, 14, 170, 301, 473, 63, 355, 478, 486, 407, 490, 336, 273, 359, 405, 158]","[287, 14, 63, 257, 158, 170, 359, 273, 355, 336, 301, 405, 456, 478, 486, 490, 504, 473, 406, 407]",
att532.tsp,GRASP com VND,3,532,20,279.0,1000,278,532,7108,600.0000083446503,192,417.0145790576935,"[336, 405, 486, 183, 407, 134, 158, 383, 406, 482, 478, 273, 301, 23, 397, 373, 504, 275, 14, 456]","[336, 273, 183, 158, 134, 14, 23, 275, 407, 406, 373, 383, 504, 482, 397, 486, 478, 456, 405, 301]",
att532.tsp,GRASP com VND,4,532,20,279.0,1000,200,532,7230,600.0000705718994,103,287.70857763290405,"[496, 407, 405, 305, 273, 399, 225, 431, 48, 158, 401, 301, 383, 14, 420, 508, 336, 504, 448, 183]","[496, 431, 508, 504, 448, 383, 399, 401, 407, 305, 14, 48, 225, 158, 183, 273, 336, 301, 405, 420]",
att532.tsp,GRASP com VND,5,532,20,279.0,1000,247,532,7125,600.0001556873322,10,16.0445818901062,"[486, 224, 180, 378, 183, 478, 399, 407, 405, 134, 456, 504, 383, 397, 482, 14, 336, 273, 158, 301]","[486, 397, 482, 504, 383, 399, 378, 407, 224, 14, 134, 180, 158, 183, 273, 336, 301, 405, 456, 478]",
att532.tsp,GRASP com VND,6,532,20,279.0,1000,194,532,7234,600.0001509189606,54,138.50337266921997,"[397, 199, 504, 399, 502, 183, 286, 14, 407, 301, 38, 403, 431, 336, 486, 383, 405, 499, 273, 158]","[397, 499, 504, 383, 399, 403, 407, 286, 14, 38, 199, 158, 183, 273, 336, 301, 405, 502, 486, 431]",
att532.tsp,GRASP com VND,7,532,20,279.0,1000,239,532,7168,600.0001149177551,15,27.217857837677002,"[502, 373, 273, 14, 134, 383, 262, 158, 405, 23, 504, 336, 397, 482, 407, 406, 301, 183, 357, 486]","[502, 486, 397, 482, 504, 383, 373, 406, 407, 357, 262, 23, 14, 134, 158, 183, 273, 336, 301, 405]",
att532.tsp,GRASP com VND,8,532,20,279.0,1000,209,532,7229,600.0001201629639,154,430.56404185295105,"[336, 330, 14, 486, 397, 183, 287, 310, 421, 273, 158, 407, 225, 383, 496, 504, 406, 482, 38, 182]","[336, 273, 183, 158, 182, 225, 38, 14, 287, 407, 406, 383, 504, 482, 397, 486, 496, 421, 330, 310]",
att532.tsp,GRASP com VND,9,532,20,279.0,1000,242,532,7106,600.0000553131104,25,74.55716490745544,"[486, 373, 273, 336, 183, 383, 407, 405, 504, 14, 406, 158, 456, 482, 287, 478, 134, 397, 301, 44]","[486, 397, 482, 504, 383, 373, 406, 407, 287, 44, 14, 134, 158, 183, 273, 336, 301, 405, 456, 478]",
att532.tsp,Lexicografico 1-swap,0,532,20,279.0,100,4,532,7166,600.0238904953003,1,271.72419452667236,"[502, 14, 373, 183, 407, 397, 336, 405, 134, 273, 406, 158, 287, 486, 482, 301, 383, 504, 305, 44]","[502, 486, 397, 482, 504, 383, 373, 406, 407, 305, 287, 44, 14, 134, 158, 183, 273, 336, 301, 405]",
att532.tsp,Lexicografico 1-swap,1,532,20,279.0,100,5,532,7106,600.00594830513,1,38.66591429710388,"[405, 482, 456, 183, 504, 305, 14, 478, 301, 486, 406, 397, 134, 336, 383, 407, 46, 158, 273, 373]","[405, 301, 336, 273, 183, 158, 134, 14, 46, 305, 407, 406, 373, 383, 504, 482, 397, 486, 478, 456]",
att532.tsp,Lexicografico 1-swap,2,532,20,279.0,100,4,532,7146,600.1463856697083,2,241.19912195205688,"[301, 199, 405, 482, 14, 399, 183, 486, 273, 383, 38, 336, 496, 421, 397, 403, 407, 286, 504, 158]","[301, 405, 421, 496, 486, 397, 482, 504, 383, 399, 403, 407, 286, 14, 38, 199, 158, 183, 273, 336]",
att532.tsp,Lexicografico 1-swap,3,532,20,279.0,100,4,532,7106,600.1137847900391,2,324.6737253665924,"[405, 301, 482, 336, 287, 407, 134, 383, 273, 14, 44, 456, 373, 397, 478, 158, 406, 183, 504, 486]","[405, 301, 336, 273, 183, 158, 134, 14, 44, 287, 407, 406, 373, 383, 504, 482, 397, 486, 478, 456]",
att532.tsp,Lexicografico 1-swap,4,532,20,279.0,100,3,532,7108,600.0158243179321,1,281.3413314819336,"[456, 158, 383, 405, 336, 301, 373, 273, 406, 486, 134, 504, 183, 14, 478, 482, 262, 407, 23, 397]","[456, 478, 486, 397, 482, 504, 383, 373, 406, 407, 262, 23, 14, 134, 158, 183, 273, 336, 301, 405]",
att532.tsp,Lexicografico 1-swap,5,532,20,279.0,100,3,532,7163,600.0486934185028,2,447.270765542984,"[301, 496, 405, 421, 406, 287, 393, 38, 336, 14, 225, 431, 32, 513, 407, 183, 273, 158, 504, 482]","[301, 405, 421, 496, 513, 431, 482, 504, 393, 406, 407, 287, 32, 14, 38, 225, 158, 183, 273, 336]",
att532.tsp,Lexicografico 1-swap,6,532,20,279.0,100,5,532,7106,600.0046317577362,2,304.1010191440582,"[336, 301, 287, 406, 14, 134, 486, 407, 183, 44, 478, 405, 397, 383, 273, 504, 158, 456, 373, 482]","[336, 273, 183, 158, 134, 14, 44, 287, 407, 406, 373, 383, 504, 482, 397, 486, 478, 456, 405, 301]",
att532.tsp,Lexicografico 1-swap,7,532,20,279.0,100,4,532,7106,600.0062313079834,2,352.9202620983124,"[456, 383, 273, 158, 183, 397, 504, 373, 478, 134, 482, 287, 336, 405, 44, 407, 301, 406, 486, 14]","[456, 478, 486, 397, 482, 504, 383, 373, 406, 407, 287, 44, 14, 134, 158, 183, 273, 336, 301, 405]",
att532.tsp,Lexicografico 1-swap,8,532,20,279.0,100,5,532,7118,600.0073103904724,2,301.2096688747406,"[486, 305, 183, 407, 482, 158, 496, 421, 134, 336, 14, 397, 504, 50, 377, 301, 273, 406, 373, 383]","[486, 397, 482, 504, 383, 373, 406, 407, 305, 50, 14, 134, 158, 183, 273, 336, 301, 377, 421, 496]",
att532.tsp,Lexicografico 1-swap,9,532,20,279.0,100,5,532,7171,600.0067985057831,2,320.50437450408936,"[421, 134, 310, 383, 486, 373, 14, 504, 407, 482, 183, 336, 397, 406, 273, 215, 305, 330, 496, 158]","[421, 330, 310, 336, 273, 183, 158, 134, 14, 215, 305, 407, 406, 373, 383, 504, 482, 397, 486, 496]",
att532.tsp,VNS com VND,0,532,20,279.0,100,16,532,7110,600.0226645469666,4,197.12948870658875,"[301, 421, 134, 336, 406, 287, 44, 273, 482, 158, 504, 486, 14, 407, 397, 183, 496, 383, 405, 373]","[301, 405, 421, 496, 486, 397, 482, 504, 383, 373, 406, 407, 287, 44, 14, 134, 158, 183, 273, 336]",
att532.tsp,VNS com VND,1,532,20,279.0,100,13,532,7110,600.0221343040466,12,594.9308698177338,"[301, 486, 406, 273, 383, 421, 504, 14, 44, 407, 287, 496, 336, 373, 405, 482, 134, 183, 158, 397]","[301, 405, 421, 496, 486, 397, 482, 504, 383, 373, 406, 407, 287, 44, 14, 134, 158, 183, 273, 336]",
att532.tsp,VNS com VND,2,532,20,279.0,100,16,532,7112,600.0007195472717,2,105.13023233413696,"[513, 496, 482, 183, 301, 420, 399, 405, 393, 431, 504, 391, 14, 336, 407, 200, 273, 38, 158, 287]","[513, 431, 482, 504, 393, 399, 391, 407, 287, 14, 38, 200, 158, 183, 273, 336, 301, 405, 420, 496]",
att532.tsp,VNS com VND,3,532,20,279.0,100,13,532,7112,600.0127241611481,12,597.0492126941681,"[456, 504, 161, 406, 158, 336, 183, 38, 478, 273, 405, 397, 14, 373, 407, 486, 287, 383, 301, 482]","[456, 478, 486, 397, 482, 504, 383, 373, 406, 407, 287, 14, 38, 161, 158, 183, 273, 336, 301, 405]",
att532.tsp,VNS com VND,4,532,20,279.0,100,16,532,7121,600.0003900527954,10,389.5783281326294,"[336, 496, 486, 405, 183, 482, 301, 407, 397, 383, 421, 287, 14, 391, 504, 200, 399, 38, 158, 273]","[336, 273, 183, 158, 200, 38, 14, 287, 407, 391, 399, 383, 504, 482, 397, 486, 496, 421, 405, 301]",
att532.tsp,VNS com VND,5,532,20,279.0,100,13,532,7106,600.0054957866669,7,402.4453155994415,"[301, 504, 183, 456, 486, 405, 383, 482, 397, 478, 373, 134, 305, 407, 124, 406, 273, 14, 158, 336]","[301, 405, 456, 478, 486, 397, 482, 504, 383, 373, 406, 407, 305, 124, 14, 134, 158, 183, 273, 336]",
att532.tsp,VNS com VND,6,532,20,279.0,100,17,532,7106,600.0059049129486,3,108.24467992782593,"[405, 482, 301, 383, 46, 397, 504, 373, 406, 305, 273, 407, 456, 183, 486, 14, 134, 478, 158, 336]","[405, 301, 336, 273, 183, 158, 134, 14, 46, 305, 407, 406, 373, 383, 504, 482, 397, 486, 478, 456]",
att532.tsp,VNS com VND,7,532,20,279.0,100,16,532,7106,600.0113396644592,11,421.11300826072693,"[405, 14, 134, 406, 183, 383, 397, 478, 482, 407, 373, 504, 456, 305, 215, 301, 273, 486, 336, 158]","[405, 301, 336, 273, 183, 158, 134, 14, 215, 305, 407, 406, 373, 383, 504, 482, 397, 486, 478, 456]",
att532.tsp,VNS com VND,8,532,20,279.0,100,15,532,7106,600.0005631446838,2,146.1880657672882,"[456, 405, 504, 406, 397, 134, 273, 301, 14, 158, 287, 407, 336, 478, 373, 383, 183, 44, 482, 486]","[456, 478, 486, 397, 482, 504, 383, 373, 406, 407, 287, 44, 14, 134, 158, 183, 273, 336, 301, 405]",
att532.tsp,VNS com VND,9,532,20,279.0,100,16,532,7106,600.0006852149963,3,164.17701292037964,"[301, 406, 336, 273, 482, 456, 287, 373, 478, 383, 486, 14, 397, 405, 158, 183, 134, 44, 407, 504]","[301, 405, 456, 478, 486, 397, 482, 504, 383, 373, 406, 407, 287, 44, 14, 134, 158, 183, 273, 336]",
ch150.tsp,GRASP com VND,0,150,15,84.9,1000,1000,122,2477,86.33535599708557,1,0.15410804748535156,"[4, 129, 1, 134, 38, 9, 132, 117, 92, 66, 89, 114, 143, 135, 33]","[4, 92, 89, 134, 1, 117, 129, 38, 66, 143, 135, 114, 132, 9, 33]",
ch150.tsp,GRASP com VND,1,150,15,84.9,1000,1000,122,2477,78.8703670501709,1,0.030991315841674805,"[33, 1, 132, 114, 134, 117, 143, 89, 92, 66, 4, 129, 135, 9, 38]","[33, 4, 92, 89, 134, 1, 117, 129, 38, 66, 143, 135, 114, 132, 9]",
ch150.tsp,GRASP com VND,2,150,15,84.9,1000,1000,122,2477,94.64960289001465,9,1.3229398727416992,"[33, 1, 132, 114, 134, 117, 92, 89, 143, 4, 9, 135, 66, 129, 38]","[33, 4, 92, 89, 134, 1, 117, 129, 38, 66, 143, 135, 114, 132, 9]",
ch150.tsp,GRASP com VND,3,150,15,84.9,1000,1000,122,2477,113.07424283027649,10,1.8502922058105469,"[33, 134, 132, 1, 117, 89, 135, 143, 4, 9, 66, 92, 114, 129, 38]","[33, 4, 92, 89, 134, 1, 117, 129, 38, 66, 143, 135, 114, 132, 9]",
ch150.tsp,GRASP com VND,4,150,15,84.9,1000,1000,122,2477,122.2823052406311,6,0.6663694381713867,"[33, 92, 114, 4, 117, 134, 1, 143, 89, 9, 129, 132, 135, 66, 38]","[33, 4, 92, 89, 134, 1, 117, 129, 38, 66, 143, 135, 114, 132, 9]",
ch150.tsp,GRASP com VND,5,150,15,84.9,1000,1000,122,2477,106.45645523071289,3,0.7092671394348145,"[33, 1, 132, 134, 114, 92, 117, 89, 143, 9, 66, 129, 135, 4, 38]","[33, 4, 92, 89, 134, 1, 117, 129, 38, 66, 143, 135, 114, 132, 9]",
ch150.tsp,GRASP com VND,6,150,15,84.9,1000,1000,122,2477,82.61888408660889,4,0.520411491394043,"[33, 1, 132, 114, 134, 89, 143, 117, 92, 129, 66, 9, 135, 38, 4]","[33, 4, 92, 89, 134, 1, 117, 129, 38, 66, 143, 135, 114, 132, 9]",
ch150.tsp,GRASP com VND,7,150,15,84.9,1000,1000,122,2477,74.1501350402832,6,0.45350003242492676,"[33, 134, 1, 114, 132, 117, 89, 143, 92, 135, 129, 66, 38, 9, 4]","[33, 4, 92, 89, 134, 1, 117, 129, 38, 66, 143, 135, 114, 132, 9]",
ch150.tsp,GRASP com VND,8,150,15,84.9,1000,1000,122,2477,115.90525269508362,1,0.04527163505554199,"[33, 1, 132, 114, 134, 89, 117, 143, 66, 92, 135, 9, 129, 4, 38]","[33, 4, 92, 89, 134, 1, 117, 129, 38, 66, 143, 135, 114, 132, 9]",
ch150.tsp,GRASP com VND,9,150,15,84.9,1000,1000,122,2477,78.39862871170044,6,0.5656452178955078,"[33, 1, 132, 114, 134, 117, 92, 89, 143, 129, 66, 135, 4, 9, 38]","[33, 4, 92, 89, 134, 1, 117, 129, 38, 66, 143, 135, 114, 132, 9]",
ch150.tsp,Lexicografico 1-swap,0,150,15,84.9,100,93,122,2477,600.0027322769165,1,0.046057701110839844,"[33, 1, 132, 114, 134, 117, 89, 92, 143, 66, 4, 9, 135, 129, 38]","[33, 4, 92, 89, 134, 1, 117, 129, 38, 66, 143, 135, 114, 132, 9]",
ch150.tsp,Lexicografico 1-swap,1,150,15,84.9,100,100,122,2477,593.1053681373596,1,0.05882906913757324,"[33, 1, 114, 134, 132, 117, 89, 92, 143, 66, 4, 9, 129, 135, 38]","[33, 4, 92, 89, 134, 1, 117, 129, 38, 66, 143, 135, 114, 132, 9]",
ch150.tsp,Lexicografico 1-swap,2,150,15,84.9,100,98,122,2477,600.0017147064209,1,0.031032800674438477,"[33, 135, 1, 132, 114, 134, 117, 89, 92, 143, 66, 4, 9, 129, 38]","[33, 4, 92, 89, 134, 1, 117, 129, 38, 66, 143, 135, 114, 132, 9]",
ch150.tsp,Lexicografico 1-swap,3,150,15,84.9,100,100,122,2477,470.25415897369385,1,0.052568674087524414,"[33, 1, 132, 134, 117, 114, 89, 92, 143, 66, 4, 9, 129, 135, 38]","[33, 4, 92, 89, 134, 1, 117, 129, 38, 66, 143, 135, 114, 132, 9]",
ch150.tsp,Lexicografico 1-swap,4,150,15,84.9,100,100,122,2477,484.0428206920624,1,0.04958176612854004,"[33, 114, 1, 132, 134, 117, 89, 92, 143, 66, 4, 9, 129, 135, 38]","[33, 4, 92, 89, 134, 1, 117, 129, 38, 66, 143, 135, 114, 132, 9]",
ch150.tsp,Lexicografico 1-swap,5,150,15,84.9,100,100,122,2477,479.1233253479004,1,0.024091243743896484,"[33, 1, 132, 114, 134, 117, 89, 92, 143, 4, 9, 66, 129, 135, 38]","[33, 4, 92, 89, 134, 1, 117, 129, 38, 66, 143, 135, 114, 132, 9]",
ch150.tsp,Lexicografico 1-swap,6,150,15,84.9,100,97,122,2477,600.0054366588593,1,0.03458213806152344,"[33, 1, 132, 114, 134, 117, 89, 129, 92, 143, 66, 4, 9, 135, 38]","[33, 4, 92, 89, 134, 1, 117, 129, 38, 66, 143, 135, 114, 132, 9]",
ch150.tsp,Lexicografico 1-swap,7,150,15,84.9,100,100,122,2477,511.90340971946716,1,0.05017256736755371,"[33, 1, 132, 114, 134, 89, 117, 92, 143, 66, 4, 9, 129, 135, 38]","[33, 4, 92, 89, 134, 1, 117, 129, 38, 66, 143, 135, 114, 132, 9]",
ch150.tsp,Lexicografico 1-swap,8,150,15,84.9,100,100,122,2477,600.0047461986542,1,0.033521413803100586,"[33, 1, 132, 134, 117, 89, 114, 92, 143, 66, 4, 9, 129, 135, 38]","[33, 4, 92, 89, 134, 1, 117, 129, 38, 66, 143, 135, 114, 132, 9]",
ch150.tsp,Lexicografico 1-swap,9,150,15,84.9,100,100,122,2477,586.333206653595,1,0.05668354034423828,"[33, 1, 132, 114, 92, 134, 117, 89, 143, 66, 4, 9, 129, 135, 38]","[33, 4, 92, 89, 134, 1, 117, 129, 38, 66, 143, 135, 114, 132, 9]",
ch150.tsp,VNS com VND,0,150,15,84.9,100,100,122,2477,204.34924960136414,1,0.07125711441040039,"[33, 1, 132, 114, 134, 117, 89, 92, 143, 66, 4, 9, 135, 129, 38]","[33, 4, 92, 89, 134, 1, 117, 129, 38, 66, 143, 135, 114, 132, 9]",
ch150.tsp,VNS com VND,1,150,15,84.9,100,100,122,2477,199.80864238739014,1,0.07534289360046387,"[33, 1, 114, 134, 132, 117, 89, 92, 143, 66, 4, 9, 129, 135, 38]","[33, 4, 92, 89, 134, 1, 117, 129, 38, 66, 143, 135, 114, 132, 9]",
ch150.tsp,VNS com VND,2,150,15,84.9,100,100,122,2477,199.63138699531555,1,0.0628819465637207,"[33, 135, 1, 132, 114, 134, 117, 89, 92, 143, 66, 4, 9, 129, 38]","[33, 4, 92, 89, 134, 1, 117, 129, 38, 66, 143, 135, 114, 132, 9]",
ch150.tsp,VNS com VND,3,150,15,84.9,100,100,122,2477,191.0974097251892,1,0.06079411506652832,"[33, 1, 132, 134, 117, 114, 89, 92, 143, 66, 4, 9, 129, 135, 38]","[33, 4, 92, 89, 134, 1, 117, 129, 38, 66, 143, 135, 114, 132, 9]",
ch150.tsp,VNS com VND,4,150,15,84.9,100,100,122,2477,153.407977104187,1,0.060430288314819336,"[33, 114, 1, 132, 134, 117, 89, 92, 143, 66, 4, 9, 129, 135, 38]","[33, 4, 92, 89, 134, 1, 117, 129, 38, 66, 143, 135, 114, 132, 9]",
ch150.tsp,VNS com VND,5,150,15,84.9,100,100,122,2477,154.4612114429474,1,0.04771113395690918,"[33, 1, 132, 114, 134, 117, 89, 92, 143, 4, 9, 66, 129, 135, 38]","[33, 4, 92, 89, 134, 1, 117, 129, 38, 66, 143, 135, 114, 132, 9]",
ch150.tsp,VNS com VND,6,150,15,84.9,100,100,122,2477,156.12090849876404,1,0.048448801040649414,"[33, 1, 132, 114, 134, 117, 89, 129, 92, 143, 66, 4, 9, 135, 38]","[33, 4, 92, 89, 134, 1, 117, 129, 38, 66, 143, 135, 114, 132, 9]",
ch150.tsp,VNS com VND,7,150,15,84.9,100,100,122,2477,157.28208374977112,1,0.05508303642272949,"[33, 1, 132, 114, 134, 89, 117, 92, 143, 66, 4, 9, 129, 135, 38]","[33, 4, 92, 89, 134, 1, 117, 129, 38, 66, 143, 135, 114, 132, 9]",
ch150.tsp,VNS com VND,8,150,15,84.9,100,100,122,2477,155.30799174308777,1,0.046537160873413086,"[33, 1, 132, 134, 117, 89, 114, 92, 143, 66, 4, 9, 129, 135, 38]","[33, 4, 92, 89, 134, 1, 117, 129, 38, 66, 143, 135, 114, 132, 9]",
ch150.tsp,VNS com VND,9,150,15,84.9,100,100,122,2477,151.03225445747375,1,0.05645012855529785,"[33, 1, 132, 114, 92, 134, 117, 89, 143, 66, 4, 9, 129, 135, 38]","[33, 4, 92, 89, 134, 1, 117, 129, 38, 66, 143, 135, 114, 132, 9]",
d198.tsp,GRASP com VND,0,198,20,426.0,1000,30,198,8483,600.0000910758972,13,322.51082944869995,"[19, 89, 55, 94, 3, 0, 101, 59, 40, 112, 181, 169, 73, 168, 81, 182, 113, 42, 102, 103]","[19, 181, 182, 169, 168, 112, 113, 103, 102, 101, 94, 89, 81, 73, 59, 55, 42, 40, 3, 0]",
d198.tsp,GRASP com VND,1,198,20,426.0,1000,27,198,8390,600.0000689029694,17,391.48603653907776,"[182, 41, 113, 93, 103, 119, 0, 65, 74, 102, 118, 55, 3, 169, 181, 40, 80, 168, 101, 59]","[182, 0, 3, 40, 41, 55, 59, 65, 74, 80, 93, 101, 102, 103, 113, 118, 119, 168, 169, 181]",
d198.tsp,GRASP com VND,2,198,20,426.0,1000,31,198,8398,600.0001068115234,12,235.32308530807495,"[180, 41, 103, 102, 3, 0, 113, 126, 101, 40, 181, 55, 119, 93, 168, 74, 127, 65, 80, 59]","[180, 0, 3, 40, 41, 55, 59, 65, 74, 80, 93, 101, 102, 103, 113, 119, 168, 126, 127, 181]",
d198.tsp,GRASP com VND,3,198,20,426.0,1000,29,198,8483,600.0000431537628,4,78.48922657966614,"[19, 73, 168, 182, 3, 81, 59, 101, 0, 112, 181, 94, 169, 103, 113, 102, 42, 55, 40, 89]","[19, 181, 182, 169, 168, 112, 113, 103, 102, 101, 94, 89, 81, 73, 59, 55, 42, 40, 3, 0]",
d198.tsp,GRASP com VND,4,198,20,426.0,1000,33,198,8392,600.0000715255737,8,159.93480849266052,"[180, 169, 58, 73, 3, 0, 74, 93, 69, 40, 41, 80, 103, 102, 119, 113, 181, 101, 168, 66]","[180, 0, 3, 40, 41, 58, 66, 69, 73, 74, 80, 93, 101, 102, 103, 113, 119, 168, 169, 181]",
d198.tsp,GRASP com VND,5,198,20,426.0,1000,33,198,8420,600.000091791153,23,423.64096903800964,"[175, 180, 169, 104, 79, 3, 168, 0, 75, 91, 118, 64, 43, 113, 53, 119, 181, 76, 61, 40]","[175, 0, 3, 40, 43, 53, 61, 64, 75, 76, 79, 91, 104, 113, 118, 119, 168, 169, 181, 180]",
d198.tsp,GRASP com VND,6,198,20,426.0,1000,33,198,8394,600.000093460083,9,174.21710681915283,"[182, 168, 42, 3, 54, 81, 102, 0, 169, 73, 94, 113, 181, 101, 89, 119, 117, 103, 118, 40]","[182, 0, 3, 40, 42, 54, 73, 81, 89, 94, 101, 102, 103, 113, 117, 118, 119, 168, 169, 181]",
d198.tsp,GRASP com VND,7,198,20,426.0,1000,31,198,8411,600.0000641345978,27,578.4435005187988,"[175, 65, 168, 80, 3, 118, 169, 0, 181, 180, 119, 113, 54, 93, 42, 101, 40, 103, 102, 74]","[175, 0, 3, 40, 42, 54, 65, 74, 80, 93, 101, 102, 103, 113, 118, 119, 168, 169, 181, 180]",
d198.tsp,GRASP com VND,8,198,20,426.0,1000,27,198,8398,600.0000340938568,25,581.0719618797302,"[180, 101, 181, 93, 74, 41, 3, 113, 40, 0, 119, 102, 65, 168, 55, 80, 126, 59, 103, 127]","[180, 0, 3, 40, 41, 55, 59, 65, 74, 80, 93, 101, 102, 103, 113, 119, 168, 126, 127, 181]",
d198.tsp,GRASP com VND,9,198,20,426.0,1000,26,198,8484,600.0000166893005,3,50.33390808105469,"[19, 181, 182, 56, 58, 169, 102, 0, 100, 113, 101, 112, 82, 168, 3, 69, 88, 103, 66, 95]","[19, 181, 182, 169, 168, 112, 113, 103, 102, 101, 100, 95, 88, 82, 69, 66, 58, 56, 3, 0]",
d198.tsp,Lexicografico 1-swap,0,198,20,426.0,100,2,198,8401,600.0142710208893,1,408.7249655723572,"[3, 0, 61, 168, 125, 110, 109, 105, 76, 79, 181, 43, 64, 180, 91, 53, 75, 127, 126, 40]","[3, 0, 180, 181, 127, 126, 125, 168, 109, 110, 105, 91, 79, 76, 75, 64, 61, 53, 43, 40]",
d198.tsp,Lexicografico 1-swap,1,198,20,426.0,100,2,198,8445,600.0089406967163,1,582.7927839756012,"[3, 79, 57, 110, 181, 109, 91, 182, 0, 71, 72, 168, 169, 73, 105, 75, 76, 125, 74, 180]","[3, 0, 180, 182, 181, 169, 125, 168, 109, 110, 105, 91, 79, 76, 75, 74, 73, 72, 71, 57]",
d198.tsp,Lexicografico 1-swap,2,198,20,426.0,100,3,198,8484,600.0099034309387,1,45.622132301330566,"[19, 182, 113, 66, 181, 0, 69, 101, 103, 169, 56, 3, 102, 58, 112, 89, 111, 94, 81, 168]","[19, 181, 182, 169, 168, 111, 112, 113, 103, 102, 101, 94, 89, 81, 69, 66, 58, 56, 3, 0]",
d198.tsp,Lexicografico 1-swap,3,198,20,426.0,100,3,198,8492,600.0053515434265,1,27.51638889312744,"[19, 43, 168, 182, 76, 77, 0, 3, 169, 181, 53, 75, 61, 111, 113, 40, 64, 112, 104, 90]","[19, 181, 182, 169, 168, 111, 112, 113, 104, 90, 77, 76, 75, 64, 61, 53, 43, 40, 3, 0]",
d198.tsp,Lexicografico 1-swap,4,198,20,426.0,100,3,198,8408,600.0476484298706,1,88.8844382762909,"[182, 89, 103, 69, 0, 54, 119, 113, 59, 40, 3, 181, 94, 102, 101, 66, 118, 81, 168, 169]","[182, 0, 3, 40, 54, 59, 66, 69, 81, 89, 94, 101, 102, 103, 113, 118, 119, 168, 169, 181]",
d198.tsp,Lexicografico 1-swap,5,198,20,426.0,100,2,198,8385,600.0666835308075,1,405.3237829208374,"[0, 40, 113, 169, 42, 65, 3, 168, 94, 181, 102, 180, 100, 101, 74, 103, 112, 41, 54, 111]","[0, 180, 181, 169, 168, 111, 112, 113, 103, 102, 101, 100, 94, 74, 65, 54, 42, 41, 40, 3]",
d198.tsp,Lexicografico 1-swap,6,198,20,426.0,100,2,198,8394,600.0109326839447,1,355.33465695381165,"[0, 74, 111, 168, 112, 100, 94, 101, 3, 102, 40, 169, 41, 180, 125, 103, 113, 65, 55, 181]","[0, 180, 181, 169, 125, 168, 111, 112, 113, 103, 102, 101, 100, 94, 74, 65, 55, 41, 40, 3]",
d198.tsp,Lexicografico 1-swap,7,198,20,426.0,100,2,198,8487,600.0552024841309,1,275.9553699493408,"[19, 41, 74, 111, 3, 113, 182, 59, 168, 65, 40, 112, 0, 92, 169, 103, 55, 80, 42, 181]","[19, 181, 182, 169, 168, 111, 112, 113, 103, 92, 80, 74, 65, 59, 55, 42, 41, 40, 3, 0]",
d198.tsp,Lexicografico 1-swap,8,198,20,426.0,100,3,198,8390,600.0445907115936,1,119.22262859344482,"[182, 113, 169, 119, 74, 0, 3, 101, 65, 93, 168, 103, 59, 102, 55, 40, 41, 80, 181, 118]","[182, 0, 3, 40, 41, 55, 59, 65, 74, 80, 93, 101, 102, 103, 113, 118, 119, 168, 169, 181]",
d198.tsp,Lexicografico 1-swap,9,198,20,426.0,100,3,198,8495,600.0136511325836,1,19.187008380889893,"[75, 168, 10, 41, 53, 0, 169, 111, 3, 181, 42, 180, 43, 61, 64, 11, 12, 90, 56, 125]","[75, 90, 111, 168, 125, 169, 181, 180, 0, 3, 10, 11, 12, 56, 41, 42, 43, 53, 61, 64]",
d198.tsp,VNS com VND,0,198,20,426.0,100,3,198,8389,600.0000245571136,2,555.0450327396393,"[180, 65, 40, 117, 55, 103, 169, 119, 80, 101, 0, 74, 41, 93, 118, 3, 113, 59, 102, 181]","[180, 0, 3, 40, 41, 55, 59, 65, 74, 80, 93, 101, 102, 103, 113, 117, 118, 119, 169, 181]",
d198.tsp,VNS com VND,1,198,20,426.0,100,3,198,8390,600.000813961029,1,450.81316232681274,"[182, 119, 103, 93, 41, 80, 118, 3, 65, 102, 181, 59, 0, 169, 113, 74, 40, 55, 101, 168]","[182, 0, 3, 40, 41, 55, 59, 65, 74, 80, 93, 101, 102, 103, 113, 118, 119, 168, 169, 181]",
d198.tsp,VNS com VND,2,198,20,426.0,100,4,198,8392,600.0000467300415,3,419.8322386741638,"[181, 182, 88, 40, 169, 0, 118, 94, 42, 81, 102, 89, 3, 103, 73, 54, 101, 119, 113, 168]","[181, 0, 3, 40, 42, 54, 73, 81, 88, 89, 94, 101, 102, 103, 113, 118, 119, 168, 169, 182]",
d198.tsp,VNS com VND,3,198,20,426.0,100,4,198,8399,600.0206348896027,1,170.27805590629578,"[3, 0, 91, 168, 180, 41, 60, 75, 79, 76, 105, 109, 55, 169, 181, 125, 40, 110, 54, 64]","[3, 0, 180, 181, 169, 125, 168, 109, 110, 105, 91, 79, 76, 75, 64, 60, 54, 55, 41, 40]",
d198.tsp,VNS com VND,4,198,20,426.0,100,3,198,8389,600.0185933113098,2,502.78278827667236,"[180, 117, 74, 3, 40, 55, 118, 65, 93, 41, 113, 169, 101, 0, 80, 102, 103, 59, 119, 181]","[180, 0, 3, 40, 41, 55, 59, 65, 74, 80, 93, 101, 102, 103, 113, 117, 118, 119, 169, 181]",
d198.tsp,VNS com VND,5,198,20,426.0,100,4,198,8419,600.0000555515289,3,497.71626114845276,"[181, 126, 3, 40, 0, 95, 127, 69, 66, 168, 119, 82, 100, 113, 182, 59, 102, 54, 88, 103]","[181, 0, 3, 40, 54, 59, 66, 69, 82, 88, 95, 100, 102, 103, 113, 119, 168, 126, 127, 182]",
d198.tsp,VNS com VND,6,198,20,426.0,100,4,198,8421,600.0136196613312,2,233.45408725738525,"[175, 53, 106, 180, 168, 42, 41, 0, 105, 75, 3, 169, 108, 91, 79, 181, 76, 61, 64, 40]","[175, 0, 3, 40, 41, 42, 53, 61, 64, 75, 76, 79, 91, 105, 106, 108, 168, 169, 181, 180]",
d198.tsp,VNS com VND,7,198,20,426.0,100,4,198,8390,600.0000622272491,1,157.79678916931152,"[182, 65, 181, 169, 40, 59, 0, 102, 168, 101, 118, 41, 119, 113, 3, 80, 55, 103, 74, 93]","[182, 0, 3, 40, 41, 55, 59, 65, 74, 80, 93, 101, 102, 103, 113, 118, 119, 168, 169, 181]",
d198.tsp,VNS com VND,8,198,20,426.0,100,4,198,8389,600.0215384960175,1,108.26759958267212,"[180, 3, 80, 74, 93, 169, 0, 42, 101, 65, 119, 181, 117, 113, 40, 102, 118, 103, 55, 59]","[180, 0, 3, 40, 42, 55, 59, 65, 74, 80, 93, 101, 102, 103, 113, 117, 118, 119, 169, 181]",
d198.tsp,VNS com VND,9,198,20,426.0,100,3,198,8390,600.0001621246338,1,226.16350865364075,"[182, 181, 55, 40, 74, 102, 80, 41, 93, 113, 118, 3, 119, 101, 65, 169, 59, 0, 103, 168]","[182, 0, 3, 40, 41, 55, 59, 65, 74, 80, 93, 101, 102, 103, 113, 118, 119, 168, 169, 181]",
eil51.tsp,GRASP com VND,0,51,6,8.6,1000,1000,24,95,2.426300048828125,5,0.010247945785522461,"[48, 50, 49, 14, 3, 31]","[48, 14, 3, 50, 31, 49]",
eil51.tsp,GRASP com VND,1,51,6,8.6,1000,1000,24,95,2.0312883853912354,5,0.011618852615356445,"[49, 14, 3, 48, 45, 31]","[49, 31, 45, 3, 14, 48]",
eil51.tsp,GRASP com VND,2,51,6,8.6,1000,1000,24,95,2.3444504737854004,1,0.0042569637298583984,"[45, 14, 3, 31, 48, 49]","[45, 3, 14, 48, 49, 31]",
eil51.tsp,GRASP com VND,3,51,6,8.6,1000,1000,24,95,2.9838898181915283,2,0.010510921478271484,"[31, 3, 49, 14, 48, 50]","[31, 49, 48, 14, 3, 50]",
eil51.tsp,GRASP com VND,4,51,6,8.6,1000,1000,24,95,1.9704842567443848,7,0.01648235321044922,"[49, 50, 14, 48, 31, 3]","[49, 31, 50, 3, 14, 48]",
eil51.tsp,GRASP com VND,5,51,6,8.6,1000,1000,24,95,2.875941038131714,1,0.005753755569458008,"[49, 14, 45, 31, 48, 3]","[49, 31, 45, 3, 14, 48]",
eil51.tsp,GRASP com VND,6,51,6,8.6,1000,1000,24,95,2.1265933513641357,8,0.019553184509277344,"[49, 14, 45, 31, 3, 48]","[49, 31, 45, 3, 14, 48]",
eil51.tsp,GRASP com VND,7,51,6,8.6,1000,1000,24,95,2.6126911640167236,2,0.0075647830963134766,"[45, 14, 3, 48, 31, 49]","[45, 3, 14, 48, 49, 31]",
eil51.tsp,GRASP com VND,8,51,6,8.6,1000,1000,24,95,2.206740379333496,5,0.009563446044921875,"[3, 49, 48, 14, 50, 31]","[3, 14, 48, 49, 31, 50]",
eil51.tsp,GRASP com VND,9,51,6,8.6,1000,1000,24,95,2.3883070945739746,5,0.008842706680297852,"[14, 49, 31, 3, 50, 48]","[14, 3, 50, 31, 49, 48]",
eil51.tsp,Lexicografico 1-swap,0,51,6,8.6,100,100,24,95,2.5023913383483887,3,0.08558940887451172,"[48, 45, 49, 31, 3, 14]","[48, 14, 3, 45, 31, 49]",
eil51.tsp,Lexicografico 1-swap,1,51,6,8.6,100,100,24,95,3.1358773708343506,2,0.07436513900756836,"[14, 45, 3, 31, 49, 48]","[14, 3, 45, 31, 49, 48]",
eil51.tsp,Lexicografico 1-swap,2,51,6,8.6,100,100,24,95,2.512655735015869,1,0.02188563346862793,"[31, 14, 49, 48, 3, 45]","[31, 49, 48, 14, 3, 45]",
eil51.tsp,Lexicografico 1-swap,3,51,6,8.6,100,100,24,95,3.138392448425293,1,0.04239344596862793,"[3, 45, 14, 48, 31, 49]","[3, 14, 48, 49, 31, 45]",
eil51.tsp,Lexicografico 1-swap,4,51,6,8.6,100,100,24,95,2.510143756866455,1,0.01422262191772461,"[48, 14, 49, 3, 31, 45]","[48, 14, 3, 45, 31, 49]",
eil51.tsp,Lexicografico 1-swap,5,51,6,8.6,100,100,24,95,3.1914446353912354,5,0.19702482223510742,"[48, 49, 45, 3, 31, 14]","[48, 14, 3, 45, 31, 49]",
eil51.tsp,Lexicografico 1-swap,6,51,6,8.6,100,100,24,95,2.5055792331695557,2,0.0619199275970459,"[14, 48, 50, 31, 49, 3]","[14, 3, 50, 31, 49, 48]",
eil51.tsp,Lexicografico 1-swap,7,51,6,8.6,100,100,24,95,2.504220724105835,3,0.08202219009399414,"[14, 48, 31, 49, 50, 3]","[14, 3, 50, 31, 49, 48]",
eil51.tsp,Lexicografico 1-swap,8,51,6,8.6,100,100,24,95,3.071053981781006,1,0.014638662338256836,"[3, 50, 14, 31, 49, 48]","[3, 14, 48, 49, 31, 50]",
eil51.tsp,Lexicografico 1-swap,9,51,6,8.6,100,100,24,95,2.5379369258880615,1,0.004685163497924805,"[31, 45, 3, 49, 48, 14]","[31, 49, 48, 14, 3, 45]",
eil51.tsp,VNS com VND,0,51,6,8.6,100,100,24,95,1.6424660682678223,1,0.011468887329101562,"[49, 14, 45, 48, 31, 3]","[49, 31, 45, 3, 14, 48]",
eil51.tsp,VNS com VND,1,51,6,8.6,100,100,24,95,1.6442723274230957,1,0.02134990692138672,"[14, 48, 3, 31, 45, 49]","[14, 3, 45, 31, 49, 48]",
eil51.tsp,VNS com VND,2,51,6,8.6,100,100,24,95,1.342186689376831,1,0.01076197624206543,"[48, 3, 14, 49, 50, 31]","[48, 14, 3, 50, 31, 49]",
eil51.tsp,VNS com VND,3,51,6,8.6,100,100,24,95,1.3090009689331055,3,0.05060005187988281,"[31, 14, 45, 49, 48, 3]","[31, 49, 48, 14, 3, 45]",
eil51.tsp,VNS com VND,4,51,6,8.6,100,100,24,95,1.6790528297424316,2,0.026134490966796875,"[49, 31, 14, 48, 45, 3]","[49, 31, 45, 3, 14, 48]",
eil51.tsp,VNS com VND,5,51,6,8.6,100,100,24,95,1.3108925819396973,1,0.01836991310119629,"[45, 49, 3, 14, 48, 31]","[45, 3, 14, 48, 49, 31]",
eil51.tsp,VNS com VND,6,51,6,8.6,100,100,24,95,1.7169511318206787,4,0.07626581192016602,"[14, 45, 49, 48, 3, 31]","[14, 3, 45, 31, 49, 48]",
eil51.tsp,VNS com VND,7,51,6,8.6,100,100,24,95,1.3207354545593262,1,0.013136148452758789,"[31, 48, 3, 49, 45, 14]","[31, 49, 48, 14, 3, 45]",
eil51.tsp,VNS com VND,8,51,6,8.6,100,100,24,95,1.636070728302002,2,0.030853748321533203,"[14, 48, 49, 45, 3, 31]","[14, 3, 45, 31, 49, 48]",
eil51.tsp,VNS com VND,9,51,6,8.6,100,100,24,95,1.2876653671264648,1,0.010380268096923828,"[31, 49, 45, 3, 14, 48]","[31, 49, 48, 14, 3, 45]",
kroA100.tsp,GRASP com VND,0,100,10,415.0,1000,1000,78,8488,18.030953645706177,8,0.2146303653717041,"[55, 19, 95, 31, 72, 91, 83, 13, 52, 57]","[55, 52, 83, 31, 19, 13, 95, 72, 57, 91]",
kroA100.tsp,GRASP com VND,1,100,10,415.0,1000,1000,78,8488,26.39793062210083,21,0.42897796630859375,"[52, 83, 31, 95, 91, 19, 13, 72, 55, 57]","[52, 55, 91, 57, 72, 95, 13, 19, 31, 83]",
kroA100.tsp,GRASP com VND,2,100,10,415.0,1000,1000,78,8488,18.410206079483032,1,0.04429125785827637,"[83, 31, 19, 72, 95, 13, 55, 52, 57, 91]","[83, 31, 19, 13, 95, 72, 57, 91, 55, 52]",
kroA100.tsp,GRASP com VND,3,100,10,415.0,1000,1000,78,8488,20.903233289718628,16,0.3834419250488281,"[55, 19, 31, 57, 52, 83, 95, 13, 91, 72]","[55, 52, 83, 31, 19, 13, 95, 72, 57, 91]",
kroA100.tsp,GRASP com VND,4,100,10,415.0,1000,1000,78,8488,26.659660816192627,2,0.04792523384094238,"[31, 19, 83, 72, 52, 13, 55, 91, 57, 95]","[31, 19, 13, 95, 72, 57, 91, 55, 52, 83]",
kroA100.tsp,GRASP com VND,5,100,10,415.0,1000,1000,78,8488,23.13661503791809,23,0.4747505187988281,"[31, 19, 57, 72, 95, 55, 13, 52, 91, 83]","[31, 19, 13, 95, 72, 57, 91, 55, 52, 83]",
kroA100.tsp,GRASP com VND,6,100,10,415.0,1000,1000,78,8488,22.31950306892395,3,0.1611039638519287,"[52, 55, 57, 72, 31, 83, 19, 13, 91, 95]","[52, 55, 91, 57, 72, 95, 13, 19, 31, 83]",
kroA100.tsp,GRASP com VND,7,100,10,415.0,1000,1000,78,8488,21.363670825958252,31,0.5519444942474365,"[52, 72, 91, 19, 57, 55, 13, 83, 31, 95]","[52, 55, 91, 57, 72, 95, 13, 19, 31, 83]",
kroA100.tsp,GRASP com VND,8,100,10,415.0,1000,1000,78,8488,24.531494140625,33,0.9545564651489258,"[31, 91, 95, 52, 55, 13, 57, 72, 83, 19]","[31, 19, 13, 95, 72, 57, 91, 55, 52, 83]",
kroA100.tsp,GRASP com VND,9,100,10,415.0,1000,1000,78,8488,19.54016613960266,43,0.7567510604858398,"[55, 13, 72, 57, 31, 95, 91, 52, 19, 83]","[55, 52, 83, 31, 19, 13, 95, 72, 57, 91]",
kroA100.tsp,Lexicografico 1-swap,0,100,10,415.0,100,100,78,8488,56.867544174194336,2,0.9787812232971191,"[31, 72, 91, 95, 19, 55, 57, 83, 52, 13]","[31, 19, 13, 95, 72, 57, 91, 55, 52, 83]",
kroA100.tsp,Lexicografico 1-swap,1,100,10,415.0,100,100,78,8488,45.25773620605469,1,0.07053613662719727,"[52, 31, 83, 95, 91, 19, 13, 72, 57, 55]","[52, 55, 91, 57, 72, 95, 13, 19, 31, 83]",
kroA100.tsp,Lexicografico 1-swap,2,100,10,415.0,100,100,78,8488,45.3538773059845,1,0.3170473575592041,"[52, 31, 83, 57, 55, 19, 91, 95, 13, 72]","[52, 55, 91, 57, 72, 95, 13, 19, 31, 83]",
kroA100.tsp,Lexicografico 1-swap,3,100,10,415.0,100,100,78,8488,57.79717135429382,1,0.28554391860961914,"[52, 31, 19, 72, 95, 13, 91, 83, 55, 57]","[52, 55, 91, 57, 72, 95, 13, 19, 31, 83]",
kroA100.tsp,Lexicografico 1-swap,4,100,10,415.0,100,100,78,8488,45.3549861907959,1,0.4392879009246826,"[91, 19, 52, 55, 13, 83, 72, 57, 31, 95]","[91, 57, 72, 95, 13, 19, 31, 83, 52, 55]",
kroA100.tsp,Lexicografico 1-swap,5,100,10,415.0,100,100,78,8488,53.56682085990906,1,0.2731497287750244,"[31, 52, 91, 55, 72, 57, 83, 13, 95, 19]","[31, 19, 13, 95, 72, 57, 91, 55, 52, 83]",
kroA100.tsp,Lexicografico 1-swap,6,100,10,415.0,100,100,78,8488,45.380199670791626,1,0.34480977058410645,"[83, 19, 91, 57, 13, 55, 72, 52, 95, 31]","[83, 31, 19, 13, 95, 72, 57, 91, 55, 52]",
kroA100.tsp,Lexicografico 1-swap,7,100,10,415.0,100,100,78,8488,44.72232389450073,2,1.6651225090026855,"[31, 19, 57, 72, 91, 95, 13, 55, 83, 52]","[31, 19, 13, 95, 72, 57, 91, 55, 52, 83]",
kroA100.tsp,Lexicografico 1-swap,8,100,10,415.0,100,100,78,8488,45.75955653190613,1,0.7957954406738281,"[52, 31, 57, 95, 55, 83, 91, 72, 19, 13]","[52, 55, 91, 57, 72, 95, 13, 19, 31, 83]",
kroA100.tsp,Lexicografico 1-swap,9,100,10,415.0,100,100,78,8488,44.7576265335083,1,0.25089120864868164,"[31, 57, 52, 13, 55, 95, 83, 72, 91, 19]","[31, 19, 13, 95, 72, 57, 91, 55, 52, 83]",
kroA100.tsp,VNS com VND,0,100,10,415.0,100,100,78,8488,17.074212312698364,1,0.20496320724487305,"[31, 19, 72, 95, 13, 91, 55, 52, 57, 83]","[31, 19, 13, 95, 72, 57, 91, 55, 52, 83]",
kroA100.tsp,VNS com VND,1,100,10,415.0,100,100,78,8488,17.019232511520386,2,0.4491078853607178,"[55, 52, 83, 57, 13, 72, 95, 31, 91, 19]","[55, 52, 83, 31, 19, 13, 95, 72, 57, 91]",
kroA100.tsp,VNS com VND,2,100,10,415.0,100,100,78,8488,16.20054578781128,3,0.4709477424621582,"[83, 31, 95, 72, 19, 13, 91, 55, 52, 57]","[83, 31, 19, 13, 95, 72, 57, 91, 55, 52]",
kroA100.tsp,VNS com VND,3,100,10,415.0,100,100,78,8488,16.883724212646484,1,0.14450287818908691,"[31, 91, 57, 95, 19, 83, 52, 72, 55, 13]","[31, 19, 13, 95, 72, 57, 91, 55, 52, 83]",
kroA100.tsp,VNS com VND,4,100,10,415.0,100,100,78,8488,16.997588634490967,1,0.34032249450683594,"[31, 72, 57, 55, 95, 19, 91, 83, 13, 52]","[31, 19, 13, 95, 72, 57, 91, 55, 52, 83]",
kroA100.tsp,VNS com VND,5,100,10,415.0,100,100,78,8488,21.625316381454468,1,0.0931694507598877,"[83, 31, 13, 95, 52, 57, 91, 72, 19, 55]","[83, 31, 19, 13, 95, 72, 57, 91, 55, 52]",
kroA100.tsp,VNS com VND,6,100,10,415.0,100,100,78,8488,21.698545694351196,4,1.0872433185577393,"[55, 91, 83, 52, 72, 13, 95, 19, 31, 57]","[55, 52, 83, 31, 19, 13, 95, 72, 57, 91]",
kroA100.tsp,VNS com VND,7,100,10,415.0,100,100,78,8488,16.91034173965454,2,0.5884237289428711,"[31, 83, 19, 55, 13, 57, 52, 91, 72, 95]","[31, 19, 13, 95, 72, 57, 91, 55, 52, 83]",
kroA100.tsp,VNS com VND,8,100,10,415.0,100,100,78,8488,21.521589756011963,1,0.1766953468322754,"[52, 83, 55, 19, 95, 72, 91, 13, 31, 57]","[52, 55, 91, 57, 72, 95, 13, 19, 31, 83]",
kroA100.tsp,VNS com VND,9,100,10,415.0,100,100,78,8488,21.670977115631104,1,0.41433286666870117,"[91, 52, 83, 19, 55, 31, 13, 95, 57, 72]","[91, 57, 72, 95, 13, 19, 31, 83, 52, 55]",
kroA200.tsp,GRASP com VND,0,200,20,429.3,1000,885,200,10919,600.0000967979431,385,261.3005266189575,"[194, 166, 103, 190, 88, 120, 180, 85, 113, 12, 149, 164, 36, 68, 129, 65, 13, 119, 25, 7]","[194, 149, 180, 88, 166, 68, 13, 103, 164, 65, 36, 25, 120, 190, 12, 119, 7, 113, 129, 85]",
kroA200.tsp,GRASP com VND,1,200,20,429.3,1000,818,200,10706,600.0000774860382,227,173.49102902412415,"[66, 13, 36, 138, 145, 22, 190, 103, 65, 166, 120, 113, 194, 88, 85, 68, 186, 25, 164, 181]","[66, 190, 120, 25, 36, 65, 164, 103, 13, 68, 166, 88, 22, 181, 194, 85, 138, 113, 145, 186]",
kroA200.tsp,GRASP com VND,2,200,20,429.3,1000,883,200,10827,600.0000367164612,105,56.58668780326843,"[66, 13, 77, 85, 145, 165, 22, 131, 171, 166, 113, 181, 68, 138, 88, 103, 122, 178, 194, 186]","[66, 122, 131, 171, 77, 178, 165, 103, 13, 68, 166, 88, 22, 181, 194, 85, 138, 113, 145, 186]",
kroA200.tsp,GRASP com VND,3,200,20,429.3,1000,816,200,10706,600.0000069141388,645,494.868691444397,"[66, 65, 181, 145, 85, 190, 13, 36, 164, 186, 103, 88, 120, 113, 25, 138, 68, 22, 166, 194]","[66, 190, 120, 25, 36, 65, 164, 103, 13, 68, 166, 88, 22, 181, 194, 85, 138, 113, 145, 186]",
kroA200.tsp,GRASP com VND,4,200,20,429.3,1000,1000,200,10706,558.094507932663,557,312.2255358695984,"[66, 68, 164, 138, 190, 25, 145, 194, 166, 13, 36, 113, 181, 103, 88, 85, 22, 65, 120, 186]","[66, 190, 120, 25, 36, 65, 164, 103, 13, 68, 166, 88, 22, 181, 194, 85, 138, 113, 145, 186]",
kroA200.tsp,GRASP com VND,5,200,20,429.3,1000,818,200,10836,600.0000188350677,156,111.31035304069519,"[122, 103, 145, 85, 88, 77, 186, 131, 165, 129, 13, 149, 171, 113, 178, 66, 68, 166, 22, 194]","[122, 66, 186, 145, 113, 129, 85, 194, 149, 22, 88, 166, 68, 13, 103, 165, 178, 77, 171, 131]",
kroA200.tsp,GRASP com VND,6,200,20,429.3,1000,1000,200,10881,520.4975953102112,464,229.51389813423157,"[30, 13, 25, 85, 131, 138, 22, 7, 76, 171, 181, 68, 194, 113, 88, 164, 91, 46, 107, 43]","[30, 76, 131, 171, 25, 43, 164, 91, 13, 107, 68, 88, 22, 181, 194, 85, 138, 113, 7, 46]",
kroA200.tsp,GRASP com VND,7,200,20,429.3,1000,1000,200,10706,553.8588092327118,200,112.73860621452332,"[66, 25, 164, 85, 13, 22, 145, 190, 120, 186, 138, 68, 194, 113, 88, 103, 36, 65, 181, 166]","[66, 190, 120, 25, 36, 65, 164, 103, 13, 68, 166, 88, 22, 181, 194, 85, 138, 113, 145, 186]",
kroA200.tsp,GRASP com VND,8,200,20,429.3,1000,1000,200,10881,575.9539892673492,36,17.413115739822388,"[30, 13, 25, 138, 131, 181, 22, 7, 171, 76, 68, 46, 85, 88, 113, 164, 91, 194, 43, 107]","[30, 76, 131, 171, 25, 43, 164, 91, 13, 107, 68, 88, 22, 181, 194, 85, 138, 113, 7, 46]",
kroA200.tsp,GRASP com VND,9,200,20,429.3,1000,983,200,10810,600.000006198883,204,125.18114519119263,"[152, 113, 145, 85, 120, 181, 68, 138, 186, 22, 66, 13, 165, 56, 166, 36, 25, 88, 194, 190]","[152, 36, 25, 120, 190, 66, 186, 145, 113, 138, 85, 194, 181, 22, 88, 166, 68, 13, 56, 165]",
kroA200.tsp,Lexicografico 1-swap,0,200,20,429.3,100,17,200,10918,600.0009932518005,3,122.0250174999237,"[78, 113, 68, 7, 120, 103, 180, 194, 13, 25, 164, 36, 85, 149, 131, 65, 129, 166, 111, 88]","[78, 131, 120, 25, 36, 65, 164, 103, 13, 68, 166, 88, 180, 149, 194, 85, 129, 113, 7, 111]",
kroA200.tsp,Lexicografico 1-swap,1,200,20,429.3,100,17,200,10918,600.0290284156799,3,123.36142826080322,"[194, 180, 131, 113, 85, 88, 149, 111, 7, 78, 166, 68, 36, 129, 25, 164, 120, 103, 13, 65]","[194, 149, 180, 88, 166, 68, 13, 103, 164, 65, 36, 25, 120, 131, 78, 111, 7, 113, 129, 85]",
kroA200.tsp,Lexicografico 1-swap,2,200,20,429.3,100,15,200,10706,600.0251295566559,1,17.675143480300903,"[66, 145, 88, 113, 103, 186, 138, 13, 181, 164, 85, 68, 22, 36, 120, 194, 25, 166, 190, 65]","[66, 190, 120, 25, 36, 65, 164, 103, 13, 68, 166, 88, 22, 181, 194, 85, 138, 113, 145, 186]",
kroA200.tsp,Lexicografico 1-swap,3,200,20,429.3,100,13,200,10918,600.0323083400726,11,521.7367889881134,"[180, 68, 113, 194, 164, 149, 36, 13, 88, 166, 111, 85, 25, 65, 131, 129, 78, 120, 103, 7]","[180, 88, 166, 68, 13, 103, 164, 65, 36, 25, 120, 131, 78, 111, 7, 113, 129, 85, 194, 149]",
kroA200.tsp,Lexicografico 1-swap,4,200,20,429.3,100,13,200,10881,600.0030784606934,7,397.3051872253418,"[30, 171, 138, 25, 131, 13, 113, 7, 43, 194, 164, 181, 107, 22, 46, 85, 68, 88, 91, 76]","[30, 76, 131, 171, 25, 43, 164, 91, 13, 107, 68, 88, 22, 181, 194, 85, 138, 113, 7, 46]",
kroA200.tsp,Lexicografico 1-swap,5,200,20,429.3,100,12,200,10706,600.0039925575256,9,481.1156346797943,"[66, 120, 65, 25, 103, 138, 186, 22, 113, 145, 164, 85, 88, 13, 166, 181, 36, 68, 194, 190]","[66, 190, 120, 25, 36, 65, 164, 103, 13, 68, 166, 88, 22, 181, 194, 85, 138, 113, 145, 186]",
kroA200.tsp,Lexicografico 1-swap,6,200,20,429.3,100,15,200,10881,600.0038948059082,11,437.73984360694885,"[76, 181, 91, 107, 13, 46, 30, 68, 88, 22, 7, 171, 25, 138, 43, 194, 131, 85, 113, 164]","[76, 131, 171, 25, 43, 164, 91, 13, 107, 68, 88, 22, 181, 194, 85, 138, 113, 7, 46, 30]",
kroA200.tsp,Lexicografico 1-swap,7,200,20,429.3,100,15,200,10918,600.013215303421,4,149.45465397834778,"[131, 120, 78, 13, 7, 180, 85, 149, 164, 166, 65, 88, 103, 25, 194, 68, 129, 113, 36, 111]","[131, 78, 111, 7, 113, 129, 85, 194, 149, 180, 88, 166, 68, 13, 103, 164, 65, 36, 25, 120]",
kroA200.tsp,Lexicografico 1-swap,8,200,20,429.3,100,18,200,10706,600.0309834480286,7,264.9804313182831,"[186, 68, 88, 194, 190, 66, 65, 120, 138, 103, 25, 85, 145, 22, 36, 166, 181, 164, 113, 13]","[186, 145, 113, 138, 85, 194, 181, 22, 88, 166, 68, 13, 103, 164, 65, 36, 25, 120, 190, 66]",
kroA200.tsp,Lexicografico 1-swap,9,200,20,429.3,100,13,200,10918,600.0191080570221,5,242.59686470031738,"[180, 78, 85, 103, 166, 13, 149, 36, 65, 194, 164, 68, 111, 25, 88, 7, 129, 113, 131, 120]","[180, 88, 166, 68, 13, 103, 164, 65, 36, 25, 120, 131, 78, 111, 7, 113, 129, 85, 194, 149]",
kroA200.tsp,VNS com VND,0,200,20,429.3,100,63,200,10706,600.0003526210785,58,555.0299139022827,"[186, 36, 194, 88, 138, 164, 120, 66, 22, 68, 166, 103, 181, 145, 85, 25, 113, 65, 13, 190]","[186, 145, 113, 138, 85, 194, 181, 22, 88, 166, 68, 13, 103, 164, 65, 36, 25, 120, 190, 66]",
kroA200.tsp,VNS com VND,1,200,20,429.3,100,61,200,10918,600.0034301280975,7,89.53758597373962,"[131, 7, 164, 36, 13, 120, 113, 88, 103, 65, 78, 85, 149, 166, 194, 111, 129, 180, 25, 68]","[131, 78, 111, 7, 113, 129, 85, 194, 149, 180, 88, 166, 68, 13, 103, 164, 65, 36, 25, 120]",
kroA200.tsp,VNS com VND,2,200,20,429.3,100,61,200,10918,600.000006198883,29,296.77814769744873,"[78, 164, 13, 68, 194, 88, 166, 180, 113, 131, 103, 25, 120, 111, 85, 129, 149, 65, 7, 36]","[78, 131, 120, 25, 36, 65, 164, 103, 13, 68, 166, 88, 180, 149, 194, 85, 129, 113, 7, 111]",
kroA200.tsp,VNS com VND,3,200,20,429.3,100,61,200,10706,600.0052061080933,28,286.5547456741333,"[186, 145, 88, 190, 13, 68, 194, 138, 120, 181, 25, 66, 164, 65, 36, 85, 166, 103, 113, 22]","[186, 145, 113, 138, 85, 194, 181, 22, 88, 166, 68, 13, 103, 164, 65, 36, 25, 120, 190, 66]",
kroA200.tsp,VNS com VND,4,200,20,429.3,100,48,200,10918,600.0000081062317,8,113.18732380867004,"[7, 111, 120, 180, 129, 194, 25, 113, 85, 68, 166, 65, 36, 103, 13, 149, 78, 164, 131, 88]","[7, 113, 129, 85, 194, 149, 180, 88, 166, 68, 13, 103, 164, 65, 36, 25, 120, 131, 78, 111]",
kroA200.tsp,VNS com VND,5,200,20,429.3,100,48,200,10918,600.0000064373016,2,34.150968074798584,"[78, 129, 88, 194, 149, 85, 7, 166, 68, 65, 180, 36, 120, 164, 131, 113, 111, 103, 13, 25]","[78, 131, 120, 25, 36, 65, 164, 103, 13, 68, 166, 88, 180, 149, 194, 85, 129, 113, 7, 111]",
kroA200.tsp,VNS com VND,6,200,20,429.3,100,58,200,10881,600.0031204223633,1,12.963711977005005,"[7, 43, 181, 138, 131, 13, 22, 107, 164, 194, 25, 91, 171, 30, 68, 76, 88, 46, 113, 85]","[7, 113, 138, 85, 194, 181, 22, 88, 68, 107, 13, 91, 164, 43, 25, 171, 131, 76, 30, 46]",
kroA200.tsp,VNS com VND,7,200,20,429.3,100,59,200,10907,600.0022342205048,57,582.5446825027466,"[103, 25, 68, 131, 191, 171, 46, 178, 149, 22, 85, 7, 30, 194, 76, 113, 129, 165, 88, 13]","[103, 13, 191, 68, 88, 22, 149, 194, 85, 129, 113, 7, 46, 30, 76, 131, 171, 25, 178, 165]",
kroA200.tsp,VNS com VND,8,200,20,429.3,100,47,200,10919,600.0130598545074,7,96.51633906364441,"[196, 30, 164, 129, 22, 88, 46, 131, 113, 178, 152, 7, 191, 149, 194, 76, 85, 171, 68, 25]","[196, 191, 68, 88, 22, 149, 194, 85, 129, 113, 7, 46, 30, 76, 131, 171, 25, 178, 152, 164]",
kroA200.tsp,VNS com VND,9,200,20,429.3,100,45,200,10827,600.0062153339386,4,56.017080307006836,"[171, 122, 77, 178, 138, 85, 194, 103, 166, 68, 66, 145, 13, 131, 165, 113, 22, 181, 88, 186]","[171, 77, 178, 165, 103, 13, 68, 166, 88, 22, 181, 194, 85, 138, 113, 145, 186, 66, 122, 131]",
kroB100.tsp,GRASP com VND,0,100,10,416.70000000000005,1000,1000,79,10327,23.771657705307007,23,0.43593311309814453,"[10, 31, 15, 26, 55, 91, 51, 32, 39, 48]","[10, 39, 48, 55, 91, 15, 32, 51, 26, 31]",
kroB100.tsp,GRASP com VND,1,100,10,416.70000000000005,1000,1000,79,10327,16.110579252243042,1,0.024313688278198242,"[31, 48, 26, 55, 32, 51, 39, 15, 10, 91]","[31, 26, 51, 32, 15, 91, 55, 48, 39, 10]",
kroB100.tsp,GRASP com VND,2,100,10,416.70000000000005,1000,1000,79,10327,18.946919202804565,82,1.6562390327453613,"[31, 48, 26, 15, 32, 39, 10, 51, 55, 91]","[31, 26, 51, 32, 15, 91, 55, 48, 39, 10]",
kroB100.tsp,GRASP com VND,3,100,10,416.70000000000005,1000,1000,79,10327,23.368209838867188,4,0.16213631629943848,"[10, 91, 26, 32, 39, 48, 15, 55, 51, 31]","[10, 39, 48, 55, 91, 15, 32, 51, 26, 31]",
kroB100.tsp,GRASP com VND,4,100,10,416.70000000000005,1000,1000,79,10327,23.361235857009888,4,0.15125751495361328,"[51, 32, 55, 15, 48, 26, 31, 39, 91, 10]","[51, 32, 15, 91, 55, 48, 39, 10, 31, 26]",
kroB100.tsp,GRASP com VND,5,100,10,416.70000000000005,1000,1000,79,10327,29.321319341659546,21,0.5045371055603027,"[51, 10, 39, 31, 91, 15, 48, 32, 55, 26]","[51, 32, 15, 91, 55, 48, 39, 10, 31, 26]",
kroB100.tsp,GRASP com VND,6,100,10,416.70000000000005,1000,1000,79,10327,19.008879899978638,51,0.8834030628204346,"[31, 48, 91, 26, 32, 39, 51, 15, 10, 55]","[31, 26, 51, 32, 15, 91, 55, 48, 39, 10]",
kroB100.tsp,GRASP com VND,7,100,10,416.70000000000005,1000,1000,79,10327,24.579800367355347,7,0.17353010177612305,"[31, 55, 32, 26, 15, 91, 39, 48, 51, 10]","[31, 26, 51, 32, 15, 91, 55, 48, 39, 10]",
kroB100.tsp,GRASP com VND,8,100,10,416.70000000000005,1000,1000,79,10327,25.205597400665283,3,0.04800891876220703,"[31, 55, 48, 10, 32, 91, 26, 51, 39, 15]","[31, 26, 51, 32, 15, 91, 55, 48, 39, 10]",
kroB100.tsp,GRASP com VND,9,100,10,416.70000000000005,1000,1000,79,10327,23.75186061859131,34,0.7622015476226807,"[51, 48, 10, 91, 32, 31, 39, 15, 26, 55]","[51, 32, 15, 91, 55, 48, 39, 10, 31, 26]",
kroB100.tsp,Lexicografico 1-swap,0,100,10,416.70000000000005,100,100,79,10327,55.10785675048828,1,1.392073154449463,"[10, 48, 26, 32, 15, 39, 55, 91, 31, 51]","[10, 39, 48, 55, 91, 15, 32, 51, 26, 31]",
kroB100.tsp,Lexicografico 1-swap,1,100,10,416.70000000000005,100,100,79,10327,55.329137325286865,3,1.6217317581176758,"[51, 48, 55, 10, 32, 39, 91, 26, 15, 31]","[51, 32, 15, 91, 55, 48, 39, 10, 31, 26]",
kroB100.tsp,Lexicografico 1-swap,2,100,10,416.70000000000005,100,100,79,10327,55.51942205429077,1,0.31636643409729004,"[10, 48, 91, 31, 32, 15, 39, 55, 26, 51]","[10, 39, 48, 55, 91, 15, 32, 51, 26, 31]",
kroB100.tsp,Lexicografico 1-swap,3,100,10,416.70000000000005,100,100,79,10327,49.47899508476257,2,1.4872291088104248,"[31, 51, 15, 55, 10, 26, 48, 91, 32, 39]","[31, 26, 51, 32, 15, 91, 55, 48, 39, 10]",
kroB100.tsp,Lexicografico 1-swap,4,100,10,416.70000000000005,100,100,79,10327,55.6443190574646,1,0.4755098819732666,"[10, 48, 32, 91, 26, 39, 51, 15, 55, 31]","[10, 39, 48, 55, 91, 15, 32, 51, 26, 31]",
kroB100.tsp,Lexicografico 1-swap,5,100,10,416.70000000000005,100,100,79,10327,46.67507839202881,1,0.715747594833374,"[10, 32, 26, 55, 51, 39, 91, 15, 31, 48]","[10, 39, 48, 55, 91, 15, 32, 51, 26, 31]",
kroB100.tsp,Lexicografico 1-swap,6,100,10,416.70000000000005,100,100,79,10327,55.69210886955261,3,2.0025148391723633,"[51, 15, 26, 31, 10, 55, 48, 32, 91, 39]","[51, 32, 15, 91, 55, 48, 39, 10, 31, 26]",
kroB100.tsp,Lexicografico 1-swap,7,100,10,416.70000000000005,100,100,79,10327,54.310221672058105,1,0.5656979084014893,"[10, 26, 48, 55, 39, 32, 31, 51, 15, 91]","[10, 39, 48, 55, 91, 15, 32, 51, 26, 31]",
kroB100.tsp,Lexicografico 1-swap,8,100,10,416.70000000000005,100,100,79,10327,54.656044483184814,2,1.167245864868164,"[51, 32, 39, 31, 91, 55, 15, 48, 26, 10]","[51, 32, 15, 91, 55, 48, 39, 10, 31, 26]",
kroB100.tsp,Lexicografico 1-swap,9,100,10,416.70000000000005,100,100,79,10327,55.05171227455139,2,1.2414805889129639,"[26, 10, 51, 39, 15, 32, 48, 55, 31, 91]","[26, 51, 32, 15, 91, 55, 48, 39, 10, 31]",
kroB100.tsp,VNS com VND,0,100,10,416.70000000000005,100,100,79,10327,20.431068658828735,1,0.5202527046203613,"[51, 15, 55, 10, 31, 32, 39, 26, 48, 91]","[51, 32, 15, 91, 55, 48, 39, 10, 31, 26]",
kroB100.tsp,VNS com VND,1,100,10,416.70000000000005,100,100,79,10327,20.914165258407593,12,2.9721035957336426,"[51, 55, 39, 48, 15, 10, 32, 26, 31, 91]","[51, 32, 15, 91, 55, 48, 39, 10, 31, 26]",
kroB100.tsp,VNS com VND,2,100,10,416.70000000000005,100,100,79,10327,20.55045175552368,1,0.4553651809692383,"[26, 39, 51, 91, 10, 32, 15, 48, 31, 55]","[26, 51, 32, 15, 91, 55, 48, 39, 10, 31]",
kroB100.tsp,VNS com VND,3,100,10,416.70000000000005,100,100,79,10327,20.886935472488403,4,0.9927921295166016,"[31, 39, 15, 51, 10, 91, 55, 48, 26, 32]","[31, 26, 51, 32, 15, 91, 55, 48, 39, 10]",
kroB100.tsp,VNS com VND,4,100,10,416.70000000000005,100,100,79,10327,20.811405897140503,1,0.43730711936950684,"[26, 51, 15, 39, 31, 10, 32, 48, 91, 55]","[26, 51, 32, 15, 91, 55, 48, 39, 10, 31]",
kroB100.tsp,VNS com VND,5,100,10,416.70000000000005,100,100,79,10327,20.322954177856445,2,0.4651947021484375,"[31, 55, 26, 51, 91, 39, 32, 15, 10, 48]","[31, 26, 51, 32, 15, 91, 55, 48, 39, 10]",
kroB100.tsp,VNS com VND,6,100,10,416.70000000000005,100,100,79,10327,21.168073177337646,1,0.46770596504211426,"[31, 10, 55, 48, 39, 51, 32, 91, 15, 26]","[31, 26, 51, 32, 15, 91, 55, 48, 39, 10]",
kroB100.tsp,VNS com VND,7,100,10,416.70000000000005,100,100,79,10327,20.654603958129883,5,1.2823271751403809,"[31, 91, 26, 10, 32, 55, 39, 48, 15, 51]","[31, 26, 51, 32, 15, 91, 55, 48, 39, 10]",
kroB100.tsp,VNS com VND,8,100,10,416.70000000000005,100,100,79,10327,21.146671772003174,6,1.7467124462127686,"[26, 55, 48, 91, 15, 31, 39, 51, 10, 32]","[26, 51, 32, 15, 91, 55, 48, 39, 10, 31]",
kroB100.tsp,VNS com VND,9,100,10,416.70000000000005,100,100,79,10327,15.865764856338501,2,0.6691181659698486,"[10, 91, 48, 39, 15, 32, 51, 26, 31, 55]","[10, 39, 48, 55, 91, 15, 32, 51, 26, 31]",
kroB200.tsp,GRASP com VND,0,200,20,417.0,1000,1000,200,10497,582.417477607727,294,169.63696789741516,"[173, 181, 177, 190, 116, 114, 2, 102, 8, 126, 185, 146, 141, 118, 155, 29, 54, 12, 68, 28]","[173, 28, 2, 141, 116, 68, 29, 126, 114, 190, 54, 102, 118, 12, 155, 146, 181, 185, 177, 8]",
kroB200.tsp,GRASP com VND,1,200,20,417.0,1000,913,200,10482,600.0000269412994,582,394.1565110683441,"[181, 177, 68, 54, 114, 56, 31, 76, 141, 126, 8, 2, 146, 89, 88, 118, 155, 74, 12, 116]","[181, 146, 155, 12, 118, 76, 54, 114, 126, 74, 68, 116, 141, 2, 31, 89, 8, 56, 177, 88]",
kroB200.tsp,GRASP com VND,2,200,20,417.0,1000,827,200,10497,600.0000064373016,40,30.283035039901733,"[2, 141, 102, 118, 29, 68, 126, 28, 181, 114, 177, 185, 116, 173, 12, 155, 8, 146, 54, 190]","[2, 141, 116, 68, 29, 126, 114, 190, 54, 102, 118, 12, 155, 146, 181, 185, 177, 8, 173, 28]",
kroB200.tsp,GRASP com VND,3,200,20,417.0,1000,768,200,10499,600.0000071525574,232,183.58740544319153,"[28, 118, 12, 54, 116, 177, 74, 126, 146, 173, 185, 155, 2, 45, 102, 68, 114, 141, 190, 181]","[28, 173, 45, 177, 185, 181, 146, 155, 12, 118, 102, 54, 190, 114, 126, 74, 68, 116, 141, 2]",
kroB200.tsp,GRASP com VND,4,200,20,417.0,1000,859,200,10497,600.000004529953,516,370.144819021225,"[173, 68, 54, 185, 114, 177, 12, 8, 155, 28, 102, 146, 190, 118, 181, 2, 126, 141, 29, 116]","[173, 28, 2, 141, 116, 68, 29, 126, 114, 190, 54, 102, 118, 12, 155, 146, 181, 185, 177, 8]",
kroB200.tsp,GRASP com VND,5,200,20,417.0,1000,1000,200,10497,580.1706411838531,167,102.85086250305176,"[28, 173, 8, 12, 54, 116, 177, 118, 185, 146, 102, 29, 155, 141, 181, 190, 126, 114, 68, 2]","[28, 173, 8, 177, 185, 181, 146, 155, 12, 118, 102, 54, 190, 114, 126, 29, 68, 116, 141, 2]",
kroB200.tsp,GRASP com VND,6,200,20,417.0,1000,778,200,10482,600.0000085830688,315,234.99615573883057,"[181, 2, 146, 54, 8, 12, 89, 118, 56, 31, 76, 177, 74, 141, 68, 114, 126, 116, 155, 88]","[181, 146, 155, 12, 118, 76, 54, 114, 126, 74, 68, 116, 141, 2, 31, 89, 8, 56, 177, 88]",
kroB200.tsp,GRASP com VND,7,200,20,417.0,1000,1000,200,10497,564.0887720584869,296,161.10065031051636,"[28, 118, 177, 2, 116, 12, 190, 102, 173, 181, 185, 146, 141, 8, 155, 54, 68, 126, 114, 29]","[28, 173, 8, 177, 185, 181, 146, 155, 12, 118, 102, 54, 190, 114, 126, 29, 68, 116, 141, 2]",
kroB200.tsp,GRASP com VND,8,200,20,417.0,1000,902,200,10497,600.0000429153442,359,244.27312850952148,"[28, 146, 29, 68, 126, 114, 141, 177, 54, 190, 8, 2, 118, 181, 173, 185, 102, 155, 12, 116]","[28, 173, 8, 177, 185, 181, 146, 155, 12, 118, 102, 54, 190, 114, 126, 29, 68, 116, 141, 2]",
kroB200.tsp,GRASP com VND,9,200,20,417.0,1000,1000,200,10497,578.6248905658722,291,164.2432143688202,"[173, 181, 141, 68, 126, 114, 29, 190, 146, 118, 12, 28, 102, 8, 177, 155, 116, 185, 2, 54]","[173, 28, 2, 141, 116, 68, 29, 126, 114, 190, 54, 102, 118, 12, 155, 146, 181, 185, 177, 8]",
kroB200.tsp,Lexicografico 1-swap,0,200,20,417.0,100,14,200,10482,600.0140671730042,10,431.28380155563354,"[155, 181, 126, 89, 116, 54, 8, 74, 76, 146, 12, 177, 141, 118, 114, 31, 2, 88, 56, 68]","[155, 12, 118, 76, 54, 114, 126, 74, 68, 116, 141, 2, 31, 89, 8, 56, 177, 88, 181, 146]",
kroB200.tsp,Lexicografico 1-swap,1,200,20,417.0,100,16,200,10497,600.0017359256744,3,125.46308064460754,"[28, 190, 146, 68, 12, 102, 8, 126, 54, 173, 114, 177, 185, 2, 118, 116, 29, 181, 155, 141]","[28, 173, 8, 177, 185, 181, 146, 155, 12, 118, 102, 54, 190, 114, 126, 29, 68, 116, 141, 2]",
kroB200.tsp,Lexicografico 1-swap,2,200,20,417.0,100,14,200,10496,600.0064117908478,3,120.00909304618835,"[88, 116, 56, 177, 118, 114, 181, 68, 28, 76, 155, 2, 146, 141, 74, 97, 145, 12, 54, 126]","[88, 177, 56, 145, 97, 28, 2, 141, 116, 68, 74, 126, 114, 54, 76, 118, 12, 155, 146, 181]",
kroB200.tsp,Lexicografico 1-swap,3,200,20,417.0,100,18,200,10520,600.0465135574341,12,410.92593002319336,"[126, 86, 82, 118, 120, 2, 102, 68, 19, 141, 54, 127, 93, 160, 109, 28, 116, 114, 115, 35]","[126, 68, 116, 141, 2, 28, 160, 93, 86, 82, 127, 120, 109, 35, 118, 102, 54, 115, 114, 19]",
kroB200.tsp,Lexicografico 1-swap,4,200,20,417.0,100,18,200,10482,600.0020093917847,9,319.507826089859,"[181, 8, 12, 114, 146, 118, 31, 141, 177, 54, 116, 68, 56, 89, 155, 2, 88, 74, 76, 126]","[181, 146, 155, 12, 118, 76, 54, 114, 126, 74, 68, 116, 141, 2, 31, 89, 8, 56, 177, 88]",
kroB200.tsp,Lexicografico 1-swap,5,200,20,417.0,100,15,200,10531,600.0030372142792,1,16.911502361297607,"[160, 155, 118, 56, 76, 177, 88, 181, 146, 126, 142, 116, 28, 141, 54, 114, 19, 68, 12, 2]","[160, 56, 177, 88, 181, 146, 155, 12, 118, 76, 54, 142, 114, 19, 126, 68, 116, 141, 2, 28]",
kroB200.tsp,Lexicografico 1-swap,6,200,20,417.0,100,14,200,10645,600.0198042392731,1,24.00641369819641,"[2, 28, 116, 127, 173, 68, 185, 114, 29, 126, 118, 177, 141, 120, 102, 8, 5, 109, 35, 54]","[2, 141, 116, 68, 29, 126, 114, 54, 102, 118, 35, 109, 120, 127, 5, 185, 177, 8, 173, 28]",
kroB200.tsp,Lexicografico 1-swap,7,200,20,417.0,100,13,200,10484,600.0042836666107,6,336.9654562473297,"[116, 68, 141, 28, 102, 118, 115, 126, 86, 82, 32, 155, 54, 1, 19, 29, 93, 114, 160, 2]","[116, 141, 2, 28, 160, 93, 86, 82, 32, 155, 1, 118, 102, 54, 115, 114, 126, 19, 29, 68]",
kroB200.tsp,Lexicografico 1-swap,8,200,20,417.0,100,13,200,10497,600.00377368927,9,412.4907078742981,"[28, 12, 190, 2, 185, 177, 141, 126, 8, 146, 173, 155, 181, 54, 116, 29, 102, 114, 68, 118]","[28, 173, 8, 177, 185, 181, 146, 155, 12, 118, 102, 54, 190, 114, 126, 29, 68, 116, 141, 2]",
kroB200.tsp,Lexicografico 1-swap,9,200,20,417.0,100,13,200,10484,600.0347986221313,2,102.34587383270264,"[116, 68, 126, 102, 141, 115, 54, 2, 118, 19, 93, 86, 160, 155, 32, 28, 82, 29, 1, 114]","[116, 141, 2, 28, 160, 93, 86, 82, 32, 155, 1, 118, 102, 54, 115, 114, 126, 19, 29, 68]",
kroB200.tsp,VNS com VND,0,200,20,417.0,100,45,200,10497,600.0003736019135,2,17.460630893707275,"[28, 126, 141, 177, 146, 54, 116, 190, 12, 102, 185, 173, 2, 68, 155, 29, 114, 8, 118, 181]","[28, 173, 8, 177, 185, 181, 146, 155, 12, 118, 102, 54, 190, 114, 126, 29, 68, 116, 141, 2]",
kroB200.tsp,VNS com VND,1,200,20,417.0,100,56,200,10484,600.0152072906494,7,84.72152090072632,"[116, 115, 160, 54, 126, 155, 68, 2, 93, 114, 19, 28, 102, 32, 86, 1, 29, 141, 82, 118]","[116, 141, 2, 28, 160, 93, 86, 82, 32, 155, 1, 118, 102, 54, 115, 114, 126, 19, 29, 68]",
kroB200.tsp,VNS com VND,2,200,20,417.0,100,45,200,10482,600.0018718242645,23,322.4749994277954,"[146, 8, 155, 89, 54, 2, 126, 88, 74, 31, 177, 76, 181, 56, 141, 12, 116, 118, 114, 68]","[146, 181, 88, 177, 56, 8, 89, 31, 2, 141, 116, 68, 74, 126, 114, 54, 76, 118, 12, 155]",
kroB200.tsp,VNS com VND,3,200,20,417.0,100,58,200,10484,600.0071196556091,28,278.5192801952362,"[116, 115, 29, 86, 160, 2, 155, 32, 118, 54, 141, 93, 82, 126, 28, 114, 102, 19, 1, 68]","[116, 141, 2, 28, 160, 93, 86, 82, 32, 155, 1, 118, 102, 54, 115, 114, 126, 19, 29, 68]",
kroB200.tsp,VNS com VND,4,200,20,417.0,100,59,200,10497,600.0002641677856,27,259.9694240093231,"[8, 173, 155, 29, 181, 54, 185, 28, 126, 177, 114, 118, 102, 116, 146, 141, 12, 68, 2, 190]","[8, 177, 185, 181, 146, 155, 12, 118, 102, 54, 190, 114, 126, 29, 68, 116, 141, 2, 28, 173]",
kroB200.tsp,VNS com VND,5,200,20,417.0,100,59,200,10482,600.001870393753,19,209.0573446750641,"[155, 8, 116, 114, 118, 54, 12, 89, 181, 126, 88, 2, 31, 146, 74, 141, 76, 68, 177, 56]","[155, 12, 118, 76, 54, 114, 126, 74, 68, 116, 141, 2, 31, 89, 8, 56, 177, 88, 181, 146]",
kroB200.tsp,VNS com VND,6,200,20,417.0,100,47,200,10511,600.0031275749207,1,10.931728601455688,"[126, 62, 93, 86, 19, 28, 2, 102, 82, 115, 54, 118, 114, 116, 32, 141, 81, 68, 160, 194]","[126, 68, 116, 141, 2, 28, 160, 93, 86, 82, 32, 81, 194, 62, 118, 102, 54, 115, 114, 19]",
kroB200.tsp,VNS com VND,7,200,20,417.0,100,56,200,10497,600.0094568729401,21,211.8138165473938,"[2, 177, 181, 102, 146, 126, 141, 114, 8, 190, 116, 173, 12, 54, 68, 185, 155, 28, 29, 118]","[2, 141, 116, 68, 29, 126, 114, 190, 54, 102, 118, 12, 155, 146, 181, 185, 177, 8, 173, 28]",
kroB200.tsp,VNS com VND,8,200,20,417.0,100,44,200,10497,600.0055701732635,33,456.96787428855896,"[8, 12, 126, 68, 181, 54, 185, 2, 173, 114, 118, 29, 28, 190, 146, 141, 177, 155, 116, 102]","[8, 177, 185, 181, 146, 155, 12, 118, 102, 54, 190, 114, 126, 29, 68, 116, 141, 2, 28, 173]",
kroB200.tsp,VNS com VND,9,200,20,417.0,100,57,200,10482,600.0015766620636,53,568.5032815933228,"[155, 8, 181, 12, 88, 56, 76, 114, 141, 2, 31, 126, 68, 89, 118, 54, 116, 74, 177, 146]","[155, 12, 118, 76, 54, 114, 126, 74, 68, 116, 141, 2, 31, 89, 8, 56, 177, 88, 181, 146]",
kroC100.tsp,GRASP com VND,0,100,10,418.70000000000005,1000,1000,81,8930,15.976392269134521,5,0.10173535346984863,"[71, 69, 65, 16, 84, 66, 25, 56, 48, 29]","[71, 69, 29, 56, 65, 25, 48, 84, 66, 16]",
kroC100.tsp,GRASP com VND,1,100,10,418.70000000000005,1000,1000,81,8930,16.86562180519104,3,0.04602861404418945,"[16, 56, 66, 65, 29, 69, 84, 71, 48, 25]","[16, 66, 84, 48, 25, 65, 56, 29, 69, 71]",
kroC100.tsp,GRASP com VND,2,100,10,418.70000000000005,1000,1000,81,8930,18.080039739608765,6,0.12041687965393066,"[16, 48, 56, 66, 84, 29, 69, 65, 25, 71]","[16, 66, 84, 48, 25, 65, 56, 29, 69, 71]",
kroC100.tsp,GRASP com VND,3,100,10,418.70000000000005,1000,1000,81,8930,17.000003576278687,29,0.526317834854126,"[69, 71, 65, 25, 66, 84, 29, 56, 48, 16]","[69, 71, 16, 66, 84, 48, 25, 65, 56, 29]",
kroC100.tsp,GRASP com VND,4,100,10,418.70000000000005,1000,1000,81,8930,19.138768196105957,2,0.021781206130981445,"[71, 25, 29, 56, 65, 66, 16, 69, 48, 84]","[71, 69, 29, 56, 65, 25, 48, 84, 66, 16]",
kroC100.tsp,GRASP com VND,5,100,10,418.70000000000005,1000,1000,81,8930,18.25288963317871,24,0.41290736198425293,"[16, 29, 56, 65, 71, 48, 84, 25, 69, 66]","[16, 66, 84, 48, 25, 65, 56, 29, 69, 71]",
kroC100.tsp,GRASP com VND,6,100,10,418.70000000000005,1000,1000,81,8930,18.024233102798462,33,0.6015646457672119,"[71, 29, 48, 25, 56, 84, 69, 66, 65, 16]","[71, 69, 29, 56, 65, 25, 48, 84, 66, 16]",
kroC100.tsp,GRASP com VND,7,100,10,418.70000000000005,1000,1000,81,8930,17.2447247505188,11,0.1519947052001953,"[71, 66, 56, 25, 65, 29, 69, 16, 48, 84]","[71, 69, 29, 56, 65, 25, 48, 84, 66, 16]",
kroC100.tsp,GRASP com VND,8,100,10,418.70000000000005,1000,1000,81,8930,17.120859622955322,6,0.09113693237304688,"[16, 48, 65, 29, 56, 25, 69, 66, 71, 84]","[16, 66, 84, 48, 25, 65, 56, 29, 69, 71]",
kroC100.tsp,GRASP com VND,9,100,10,418.70000000000005,1000,1000,81,8930,17.229955673217773,4,0.06806516647338867,"[69, 48, 71, 25, 66, 65, 29, 16, 56, 84]","[69, 71, 16, 66, 84, 48, 25, 65, 56, 29]",
kroC100.tsp,Lexicografico 1-swap,0,100,10,418.70000000000005,100,100,81,8930,44.34547281265259,1,0.045157670974731445,"[16, 56, 66, 69, 25, 29, 84, 48, 65, 71]","[16, 66, 84, 48, 25, 65, 56, 29, 69, 71]",
kroC100.tsp,Lexicografico 1-swap,1,100,10,418.70000000000005,100,100,81,8930,44.416213274002075,1,0.3881559371948242,"[69, 25, 29, 84, 56, 16, 48, 71, 66, 65]","[69, 71, 16, 66, 84, 48, 25, 65, 56, 29]",
kroC100.tsp,Lexicografico 1-swap,2,100,10,418.70000000000005,100,100,81,8930,44.97310662269592,1,0.22581982612609863,"[16, 65, 25, 84, 71, 56, 29, 69, 48, 66]","[16, 66, 84, 48, 25, 65, 56, 29, 69, 71]",
kroC100.tsp,Lexicografico 1-swap,3,100,10,418.70000000000005,100,100,81,8930,45.37016677856445,2,0.673964262008667,"[29, 71, 56, 69, 66, 84, 65, 48, 16, 25]","[29, 56, 65, 25, 48, 84, 66, 16, 71, 69]",
kroC100.tsp,Lexicografico 1-swap,4,100,10,418.70000000000005,100,100,81,8930,44.041149616241455,1,0.06637382507324219,"[29, 66, 69, 65, 25, 16, 84, 48, 56, 71]","[29, 56, 65, 25, 48, 84, 66, 16, 71, 69]",
kroC100.tsp,Lexicografico 1-swap,5,100,10,418.70000000000005,100,100,81,8930,44.87313628196716,1,0.22888612747192383,"[71, 66, 69, 29, 25, 16, 56, 65, 48, 84]","[71, 69, 29, 56, 65, 25, 48, 84, 66, 16]",
kroC100.tsp,Lexicografico 1-swap,6,100,10,418.70000000000005,100,100,81,8930,44.95662879943848,1,0.4208648204803467,"[16, 65, 56, 71, 84, 29, 69, 25, 48, 66]","[16, 66, 84, 48, 25, 65, 56, 29, 69, 71]",
kroC100.tsp,Lexicografico 1-swap,7,100,10,418.70000000000005,100,100,81,8930,43.61807322502136,1,0.1497972011566162,"[16, 29, 56, 65, 84, 48, 25, 69, 71, 66]","[16, 66, 84, 48, 25, 65, 56, 29, 69, 71]",
kroC100.tsp,Lexicografico 1-swap,8,100,10,418.70000000000005,100,100,81,8930,44.18514966964722,1,0.09141945838928223,"[71, 56, 48, 25, 29, 66, 65, 16, 84, 69]","[71, 69, 29, 56, 65, 25, 48, 84, 66, 16]",
kroC100.tsp,Lexicografico 1-swap,9,100,10,418.70000000000005,100,100,81,8930,44.34508180618286,1,0.3130636215209961,"[16, 71, 56, 48, 29, 65, 25, 69, 84, 66]","[16, 66, 84, 48, 25, 65, 56, 29, 69, 71]",
kroC100.tsp,VNS com VND,0,100,10,418.70000000000005,100,100,81,8930,16.678624629974365,1,0.06313800811767578,"[16, 56, 66, 25, 69, 71, 29, 65, 84, 48]","[16, 66, 84, 48, 25, 65, 56, 29, 69, 71]",
kroC100.tsp,VNS com VND,1,100,10,418.70000000000005,100,100,81,8930,16.27069401741028,1,0.1439838409423828,"[71, 48, 16, 65, 56, 69, 66, 29, 84, 25]","[71, 69, 29, 56, 65, 25, 48, 84, 66, 16]",
kroC100.tsp,VNS com VND,2,100,10,418.70000000000005,100,100,81,8930,16.128101348876953,1,0.25446581840515137,"[71, 65, 56, 25, 29, 16, 69, 48, 84, 66]","[71, 69, 29, 56, 65, 25, 48, 84, 66, 16]",
kroC100.tsp,VNS com VND,3,100,10,418.70000000000005,100,100,81,8930,16.626673936843872,1,0.27292394638061523,"[29, 48, 56, 84, 25, 16, 65, 71, 69, 66]","[29, 56, 65, 25, 48, 84, 66, 16, 71, 69]",
kroC100.tsp,VNS com VND,4,100,10,418.70000000000005,100,100,81,8930,16.0890793800354,1,0.06252932548522949,"[16, 56, 71, 25, 66, 29, 65, 84, 48, 69]","[16, 66, 84, 48, 25, 65, 56, 29, 69, 71]",
kroC100.tsp,VNS com VND,5,100,10,418.70000000000005,100,100,81,8930,16.239842176437378,2,0.348905086517334,"[71, 56, 69, 66, 25, 29, 16, 65, 84, 48]","[71, 69, 29, 56, 65, 25, 48, 84, 66, 16]",
kroC100.tsp,VNS com VND,6,100,10,418.70000000000005,100,100,81,8930,15.84361982345581,1,0.14014458656311035,"[71, 56, 25, 69, 66, 29, 65, 16, 48, 84]","[71, 69, 29, 56, 65, 25, 48, 84, 66, 16]",
kroC100.tsp,VNS com VND,7,100,10,418.70000000000005,100,100,81,8930,16.59760093688965,2,0.3353617191314697,"[16, 84, 56, 25, 29, 66, 65, 69, 48, 71]","[16, 66, 84, 48, 25, 65, 56, 29, 69, 71]",
kroC100.tsp,VNS com VND,8,100,10,418.70000000000005,100,100,81,8930,16.019537687301636,1,0.07795834541320801,"[29, 56, 66, 65, 16, 84, 25, 69, 48, 71]","[29, 56, 65, 25, 48, 84, 66, 16, 71, 69]",
kroC100.tsp,VNS com VND,9,100,10,418.70000000000005,100,100,81,8930,16.471071243286133,1,0.12671995162963867,"[29, 66, 71, 65, 16, 25, 48, 84, 69, 56]","[29, 56, 65, 25, 48, 84, 66, 16, 71, 69]",
kroD100.tsp,GRASP com VND,0,100,10,402.8,1000,1000,84,8838,19.497596502304077,11,0.19075536727905273,"[98, 39, 89, 90, 18, 26, 7, 9, 59, 6]","[98, 39, 9, 18, 59, 90, 26, 89, 7, 6]",
kroD100.tsp,GRASP com VND,1,100,10,402.8,1000,1000,84,8838,12.633741617202759,3,0.026043176651000977,"[98, 39, 89, 90, 18, 7, 9, 26, 6, 59]","[98, 39, 9, 18, 59, 90, 26, 89, 7, 6]",
kroD100.tsp,GRASP com VND,2,100,10,402.8,1000,1000,84,8838,13.364283084869385,7,0.14676809310913086,"[98, 90, 89, 18, 39, 26, 7, 9, 59, 6]","[98, 39, 9, 18, 59, 90, 26, 89, 7, 6]",
kroD100.tsp,GRASP com VND,3,100,10,402.8,1000,1000,84,8838,16.528132677078247,24,0.36037158966064453,"[98, 39, 89, 90, 18, 26, 7, 9, 6, 59]","[98, 39, 9, 18, 59, 90, 26, 89, 7, 6]",
kroD100.tsp,GRASP com VND,4,100,10,402.8,1000,1000,84,8838,18.200236797332764,14,0.33966994285583496,"[98, 39, 90, 89, 18, 26, 7, 9, 59, 6]","[98, 39, 9, 18, 59, 90, 26, 89, 7, 6]",
kroD100.tsp,GRASP com VND,5,100,10,402.8,1000,1000,84,8838,19.68646764755249,8,0.20763897895812988,"[98, 90, 39, 7, 18, 89, 26, 59, 6, 9]","[98, 39, 9, 18, 59, 90, 26, 89, 7, 6]",
kroD100.tsp,GRASP com VND,6,100,10,402.8,1000,1000,84,8838,17.180696725845337,10,0.20796680450439453,"[98, 90, 18, 39, 9, 26, 89, 7, 59, 6]","[98, 39, 9, 18, 59, 90, 26, 89, 7, 6]",
kroD100.tsp,GRASP com VND,7,100,10,402.8,1000,1000,84,8838,14.553049087524414,3,0.029309988021850586,"[98, 59, 7, 39, 90, 9, 26, 6, 89, 18]","[98, 39, 9, 18, 59, 90, 26, 89, 7, 6]",
kroD100.tsp,GRASP com VND,8,100,10,402.8,1000,1000,84,8838,12.840490102767944,6,0.05329704284667969,"[98, 39, 90, 89, 18, 7, 26, 9, 59, 6]","[98, 39, 9, 18, 59, 90, 26, 89, 7, 6]",
kroD100.tsp,GRASP com VND,9,100,10,402.8,1000,1000,84,8838,13.770566940307617,21,0.4464247226715088,"[98, 39, 90, 89, 18, 7, 26, 9, 59, 6]","[98, 39, 9, 18, 59, 90, 26, 89, 7, 6]",
kroD100.tsp,Lexicografico 1-swap,0,100,10,402.8,100,100,84,8838,45.186421394348145,1,0.3598663806915283,"[98, 9, 90, 39, 26, 6, 89, 7, 18, 59]","[98, 39, 9, 18, 59, 90, 26, 89, 7, 6]",
kroD100.tsp,Lexicografico 1-swap,1,100,10,402.8,100,100,84,8838,44.11837720870972,1,0.24724125862121582,"[98, 9, 18, 90, 7, 59, 26, 6, 89, 39]","[98, 39, 9, 18, 59, 90, 26, 89, 7, 6]",
kroD100.tsp,Lexicografico 1-swap,2,100,10,402.8,100,100,84,8838,43.91184854507446,1,0.25478386878967285,"[98, 89, 59, 39, 26, 7, 6, 18, 90, 9]","[98, 39, 9, 18, 59, 90, 26, 89, 7, 6]",
kroD100.tsp,Lexicografico 1-swap,3,100,10,402.8,100,100,84,8838,44.2020206451416,1,0.4240708351135254,"[98, 9, 39, 26, 18, 89, 90, 7, 6, 59]","[98, 39, 9, 18, 59, 90, 26, 89, 7, 6]",
kroD100.tsp,Lexicografico 1-swap,4,100,10,402.8,100,100,84,8838,43.420958042144775,6,3.029191017150879,"[98, 39, 90, 7, 59, 18, 26, 6, 89, 9]","[98, 39, 9, 18, 59, 90, 26, 89, 7, 6]",
kroD100.tsp,Lexicografico 1-swap,5,100,10,402.8,100,100,84,8838,44.17185878753662,1,0.38471126556396484,"[98, 90, 59, 9, 6, 7, 39, 26, 18, 89]","[98, 39, 9, 18, 59, 90, 26, 89, 7, 6]",
kroD100.tsp,Lexicografico 1-swap,6,100,10,402.8,100,100,84,8838,56.4956157207489,1,0.2537102699279785,"[98, 18, 89, 7, 26, 6, 39, 9, 90, 59]","[98, 39, 9, 18, 59, 90, 26, 89, 7, 6]",
kroD100.tsp,Lexicografico 1-swap,7,100,10,402.8,100,100,84,8838,45.6234188079834,2,1.093329668045044,"[98, 59, 7, 9, 26, 90, 39, 18, 6, 89]","[98, 39, 9, 18, 59, 90, 26, 89, 7, 6]",
kroD100.tsp,Lexicografico 1-swap,8,100,10,402.8,100,100,84,8838,55.5876259803772,4,1.709049940109253,"[98, 26, 89, 9, 39, 90, 18, 7, 6, 59]","[98, 39, 9, 18, 59, 90, 26, 89, 7, 6]",
kroD100.tsp,Lexicografico 1-swap,9,100,10,402.8,100,100,84,8838,45.359556913375854,1,0.07968020439147949,"[98, 89, 39, 6, 26, 18, 90, 59, 7, 9]","[98, 39, 9, 18, 59, 90, 26, 89, 7, 6]",
kroD100.tsp,VNS com VND,0,100,10,402.8,100,100,84,8838,16.311140775680542,3,0.4824843406677246,"[98, 7, 59, 26, 89, 18, 6, 39, 90, 9]","[98, 39, 9, 18, 59, 90, 26, 89, 7, 6]",
kroD100.tsp,VNS com VND,1,100,10,402.8,100,100,84,8838,21.55756640434265,2,0.5116779804229736,"[98, 6, 18, 89, 7, 59, 26, 39, 90, 9]","[98, 39, 9, 18, 59, 90, 26, 89, 7, 6]",
kroD100.tsp,VNS com VND,2,100,10,402.8,100,100,84,8838,16.547881603240967,2,0.34371447563171387,"[98, 26, 39, 89, 6, 59, 7, 90, 9, 18]","[98, 39, 9, 18, 59, 90, 26, 89, 7, 6]",
kroD100.tsp,VNS com VND,3,100,10,402.8,100,100,84,8838,21.75712013244629,4,1.09950590133667,"[98, 9, 7, 89, 39, 26, 90, 59, 6, 18]","[98, 39, 9, 18, 59, 90, 26, 89, 7, 6]",
kroD100.tsp,VNS com VND,4,100,10,402.8,100,100,84,8838,21.734220266342163,5,1.3699419498443604,"[98, 18, 9, 39, 89, 90, 6, 26, 59, 7]","[98, 39, 9, 18, 59, 90, 26, 89, 7, 6]",
kroD100.tsp,VNS com VND,5,100,10,402.8,100,100,84,8838,21.2257719039917,5,1.1725623607635498,"[98, 7, 90, 39, 9, 59, 18, 26, 89, 6]","[98, 39, 9, 18, 59, 90, 26, 89, 7, 6]",
kroD100.tsp,VNS com VND,6,100,10,402.8,100,100,84,8838,16.4160578250885,4,0.6827521324157715,"[98, 7, 90, 89, 59, 9, 26, 6, 39, 18]","[98, 39, 9, 18, 59, 90, 26, 89, 7, 6]",
kroD100.tsp,VNS com VND,7,100,10,402.8,100,100,84,8838,16.52533221244812,3,0.7368674278259277,"[98, 9, 90, 89, 26, 59, 39, 7, 18, 6]","[98, 39, 9, 18, 59, 90, 26, 89, 7, 6]",
kroD100.tsp,VNS com VND,8,100,10,402.8,100,100,84,8838,16.397144079208374,6,1.0610032081604004,"[98, 9, 89, 39, 7, 59, 26, 18, 6, 90]","[98, 39, 9, 18, 59, 90, 26, 89, 7, 6]",
kroD100.tsp,VNS com VND,9,100,10,402.8,100,100,84,8838,21.25209617614746,2,0.5736401081085205,"[98, 6, 26, 39, 90, 9, 7, 59, 89, 18]","[98, 39, 9, 18, 59, 90, 26, 89, 7, 6]",
pcb1173.tsp,GRASP com VND,0,1173,20,332.3,1000,417,1169,10538,600.000016450882,239,353.2143385410309,"[457, 970, 323, 1123, 752, 254, 956, 580, 85, 668, 371, 39, 197, 1048, 838, 280, 16, 772, 1135, 104]","[457, 85, 772, 104, 668, 752, 956, 1135, 1123, 1048, 970, 838, 580, 323, 371, 197, 280, 254, 16, 39]",
pcb1173.tsp,GRASP com VND,1,1173,20,332.3,1000,490,1166,10348,600.0000088214874,164,223.40095114707947,"[323, 752, 1008, 697, 1135, 268, 839, 888, 230, 571, 109, 605, 371, 280, 956, 794, 1047, 58, 668, 197]","[323, 371, 197, 280, 230, 268, 58, 605, 697, 109, 668, 752, 956, 1135, 1047, 1008, 794, 839, 888, 571]",
pcb1173.tsp,GRASP com VND,2,1173,20,332.3,1000,368,1169,10284,600.0002257823944,139,273.05271100997925,"[1135, 197, 1044, 106, 839, 683, 371, 892, 280, 135, 67, 451, 770, 200, 571, 970, 742, 36, 956, 323]","[1135, 956, 683, 135, 106, 742, 970, 839, 770, 67, 451, 36, 200, 280, 197, 371, 323, 571, 892, 1044]",
pcb1173.tsp,GRASP com VND,3,1173,20,332.3,1000,496,1167,10685,600.000013589859,95,128.98409414291382,"[606, 904, 668, 1135, 280, 752, 947, 495, 323, 439, 104, 531, 772, 371, 197, 230, 1041, 42, 956, 571]","[606, 104, 668, 752, 956, 1135, 1041, 947, 772, 495, 531, 904, 571, 323, 371, 197, 280, 230, 439, 42]",
pcb1173.tsp,GRASP com VND,4,1173,20,332.3,1000,551,1169,10451,600.0000188350677,398,442.4934346675873,"[456, 639, 774, 1125, 799, 323, 200, 838, 409, 197, 1048, 611, 371, 970, 1135, 667, 580, 33, 956, 280]","[456, 33, 200, 280, 197, 371, 323, 580, 838, 774, 970, 1048, 1125, 1135, 956, 799, 667, 639, 611, 409]",
pcb1173.tsp,GRASP com VND,5,1173,20,332.3,1000,461,1168,10450,600.008086681366,48,71.75621676445007,"[105, 371, 969, 788, 454, 981, 280, 200, 571, 836, 33, 171, 707, 326, 765, 55, 1039, 660, 888, 1144]","[105, 660, 765, 788, 969, 981, 1144, 1039, 888, 571, 326, 371, 171, 280, 200, 33, 55, 454, 836, 707]",
pcb1173.tsp,GRASP com VND,6,1173,20,332.3,1000,405,1167,10166,600.0000092983246,185,285.37831687927246,"[668, 961, 231, 1135, 451, 699, 744, 200, 61, 281, 892, 371, 642, 1041, 941, 197, 839, 571, 66, 323]","[668, 941, 1135, 1041, 892, 571, 323, 371, 197, 281, 200, 231, 451, 61, 66, 699, 839, 961, 744, 642]",
pcb1173.tsp,GRASP com VND,7,1173,20,332.3,1000,401,1167,10420,600.0000159740448,205,309.61405754089355,"[934, 843, 232, 370, 716, 1162, 196, 668, 1031, 897, 571, 475, 416, 1088, 812, 90, 200, 639, 514, 281]","[934, 639, 668, 812, 1088, 1162, 1031, 897, 571, 514, 370, 196, 281, 200, 232, 475, 416, 90, 716, 843]",
pcb1173.tsp,GRASP com VND,8,1173,20,332.3,1000,393,1168,10377,600.0000233650208,326,499.9650366306305,"[323, 979, 697, 30, 731, 1135, 1048, 838, 200, 765, 197, 106, 580, 280, 55, 1041, 960, 371, 135, 451]","[323, 371, 197, 280, 200, 30, 451, 55, 697, 106, 731, 135, 765, 979, 1135, 1041, 1048, 960, 838, 580]",
pcb1173.tsp,GRASP com VND,9,1173,20,332.3,1000,480,1168,10223,600.0000216960907,235,297.46156191825867,"[718, 323, 980, 752, 457, 280, 1048, 67, 943, 106, 1041, 371, 135, 200, 838, 197, 1135, 580, 765, 36]","[718, 106, 135, 765, 752, 980, 1135, 1041, 1048, 580, 323, 371, 197, 280, 200, 36, 67, 457, 838, 943]",
pcb1173.tsp,Lexicografico 1-swap,0,1173,20,332.3,100,3,1165,10765,600.1846499443054,1,226.6458225250244,"[39, 498, 770, 184, 371, 611, 956, 1135, 913, 862, 1032, 337, 638, 16, 571, 418, 676, 143, 259, 906]","[39, 16, 259, 184, 143, 371, 337, 498, 571, 906, 862, 770, 913, 1032, 1135, 956, 676, 638, 611, 418]",
pcb1173.tsp,Lexicografico 1-swap,1,1173,20,332.3,100,3,1165,10218,600.1317310333252,1,214.1271312236786,"[668, 1079, 197, 715, 571, 491, 1144, 638, 66, 888, 200, 862, 1039, 281, 371, 768, 416, 323, 933, 237]","[668, 638, 66, 715, 862, 491, 416, 237, 200, 281, 197, 371, 323, 571, 888, 1039, 1144, 1079, 933, 768]",
pcb1173.tsp,Lexicografico 1-swap,2,1173,20,332.3,100,4,1166,10296,600.0690560340881,3,576.6127107143402,"[862, 933, 197, 676, 956, 639, 494, 30, 1032, 906, 323, 371, 200, 280, 716, 1135, 603, 571, 416, 436]","[862, 906, 571, 323, 371, 197, 280, 200, 30, 436, 416, 603, 639, 676, 956, 1135, 1032, 933, 716, 494]",
pcb1173.tsp,Lexicografico 1-swap,3,1173,20,332.3,100,3,1168,10039,600.022955417633,2,599.9259288311005,"[629, 280, 603, 197, 676, 892, 323, 417, 32, 970, 1135, 200, 956, 770, 571, 742, 839, 371, 1044, 454]","[629, 742, 970, 839, 770, 603, 417, 454, 32, 200, 280, 197, 371, 323, 571, 892, 1044, 1135, 956, 676]",
pcb1173.tsp,Lexicografico 1-swap,4,1173,20,332.3,100,3,1165,9794,600.154364824295,2,381.37879753112793,"[200, 1048, 531, 1032, 638, 668, 323, 237, 817, 611, 580, 1081, 810, 1140, 281, 371, 197, 418, 498, 912]","[200, 281, 197, 371, 580, 323, 498, 817, 531, 1048, 1032, 1140, 1081, 912, 810, 668, 638, 611, 418, 237]",
pcb1173.tsp,Lexicografico 1-swap,5,1173,20,332.3,100,3,1167,10485,600.0180282592773,2,389.7779347896576,"[642, 36, 197, 16, 66, 493, 571, 184, 717, 323, 938, 898, 676, 416, 1041, 371, 1135, 277, 956, 862]","[642, 66, 717, 938, 862, 493, 416, 36, 16, 277, 184, 197, 371, 323, 571, 898, 1041, 1135, 956, 676]",
pcb1173.tsp,Lexicografico 1-swap,6,1173,20,332.3,100,2,1168,11124,600.0118989944458,1,527.6723234653473,"[1038, 1081, 380, 330, 481, 736, 608, 338, 269, 1144, 182, 810, 389, 111, 884, 60, 19, 844, 668, 973]","[1038, 884, 844, 481, 330, 389, 380, 338, 182, 19, 269, 60, 608, 111, 736, 973, 810, 668, 1081, 1144]",
pcb1173.tsp,Lexicografico 1-swap,7,1173,20,332.3,100,3,1170,10299,600.0120530128479,2,397.249463558197,"[1044, 765, 323, 200, 970, 892, 106, 67, 1135, 197, 371, 770, 742, 36, 280, 571, 451, 839, 135, 981]","[1044, 1135, 981, 765, 135, 106, 742, 970, 839, 770, 67, 451, 36, 200, 280, 197, 371, 323, 571, 892]",
pcb1173.tsp,Lexicografico 1-swap,8,1173,20,332.3,100,4,1167,10619,600.3669891357422,2,331.90321350097656,"[184, 371, 571, 531, 718, 66, 197, 16, 1041, 39, 323, 669, 899, 494, 642, 270, 1135, 941, 418, 938]","[184, 197, 371, 571, 323, 270, 494, 531, 899, 1041, 1135, 938, 941, 669, 642, 718, 66, 418, 39, 16]",
pcb1173.tsp,Lexicografico 1-swap,9,1173,20,332.3,100,3,1166,10191,600.1485271453857,2,565.6281113624573,"[906, 668, 237, 781, 371, 912, 490, 611, 323, 571, 200, 812, 1140, 638, 1032, 197, 1081, 862, 280, 416]","[906, 1032, 1140, 1081, 812, 668, 638, 611, 416, 237, 200, 280, 197, 371, 323, 490, 781, 912, 862, 571]",
pcb1173.tsp,VNS com VND,0,1173,20,332.3,100,6,1167,10873,600.0081956386566,5,599.3757240772247,"[642, 717, 1032, 933, 956, 200, 93, 676, 348, 500, 197, 30, 281, 1135, 408, 392, 568, 471, 906, 531]","[642, 93, 717, 408, 471, 30, 200, 281, 197, 392, 348, 568, 500, 531, 906, 1032, 1135, 933, 956, 676]",
pcb1173.tsp,VNS com VND,1,1173,20,332.3,100,5,1170,10385,600.0011074542999,4,597.9450297355652,"[956, 970, 200, 1044, 135, 281, 371, 770, 683, 454, 34, 1135, 892, 106, 323, 571, 839, 197, 67, 741]","[956, 683, 135, 106, 741, 970, 839, 770, 67, 454, 34, 200, 281, 197, 371, 323, 571, 892, 1044, 1135]",
pcb1173.tsp,VNS com VND,2,1173,20,332.3,100,5,1168,10395,600.0088489055634,3,448.6926679611206,"[717, 475, 371, 66, 280, 806, 571, 232, 200, 197, 843, 1088, 892, 1162, 323, 416, 640, 1031, 668, 934]","[717, 843, 416, 475, 232, 200, 280, 197, 371, 323, 571, 892, 1031, 1162, 1088, 934, 806, 668, 640, 66]",
pcb1173.tsp,VNS com VND,3,1173,20,332.3,100,6,1167,10251,600.0020961761475,1,168.01768445968628,"[932, 416, 237, 200, 348, 571, 603, 1081, 906, 135, 371, 197, 498, 1032, 768, 1140, 644, 281, 531, 714]","[932, 1032, 1140, 1081, 768, 135, 644, 603, 416, 237, 200, 281, 197, 371, 348, 571, 906, 531, 498, 714]",
pcb1173.tsp,VNS com VND,4,1173,20,332.3,100,5,1169,10376,600.2128255367279,3,453.73125886917114,"[715, 956, 211, 323, 744, 1135, 571, 1044, 970, 254, 371, 86, 282, 451, 111, 668, 38, 839, 892, 16]","[715, 86, 111, 668, 744, 970, 956, 1135, 1044, 892, 571, 323, 371, 211, 282, 254, 16, 38, 451, 839]",
pcb1173.tsp,VNS com VND,5,1173,20,332.3,100,6,1166,10243,600.0509736537933,4,466.7389061450958,"[267, 1135, 327, 59, 601, 734, 762, 316, 1040, 371, 211, 890, 482, 960, 19, 668, 572, 182, 111, 964]","[267, 182, 19, 59, 601, 482, 327, 960, 734, 111, 668, 762, 964, 1135, 1040, 890, 572, 371, 211, 316]",
pcb1173.tsp,VNS com VND,6,1173,20,332.3,100,6,1171,10861,600.0425207614899,3,403.1839632987976,"[773, 571, 468, 111, 1044, 86, 956, 184, 970, 1135, 262, 38, 668, 371, 16, 892, 197, 752, 837, 326]","[773, 111, 752, 668, 956, 1135, 1044, 892, 571, 326, 371, 197, 184, 262, 16, 38, 86, 468, 837, 970]",
pcb1173.tsp,VNS com VND,7,1173,20,332.3,100,5,1169,10188,600.1356496810913,3,441.76496171951294,"[1125, 416, 371, 454, 280, 323, 676, 580, 638, 838, 817, 796, 1048, 30, 956, 200, 197, 970, 1135, 603]","[1125, 1048, 970, 796, 817, 838, 580, 323, 371, 197, 280, 200, 30, 454, 416, 603, 638, 676, 956, 1135]",
pcb1173.tsp,VNS com VND,8,1173,20,332.3,100,8,1171,10381,600.0282278060913,5,404.08372592926025,"[970, 580, 323, 772, 111, 371, 668, 1125, 280, 1048, 752, 457, 200, 231, 1135, 838, 956, 42, 608, 197]","[970, 838, 457, 42, 231, 200, 280, 197, 371, 323, 580, 1048, 1125, 1135, 956, 752, 668, 111, 608, 772]",
pcb1173.tsp,VNS com VND,9,1173,20,332.3,100,7,1165,10593,600.0112783908844,6,525.1971700191498,"[137, 70, 1081, 567, 143, 38, 571, 713, 307, 862, 635, 810, 906, 1140, 503, 931, 16, 258, 424, 1032]","[137, 635, 70, 713, 931, 862, 503, 424, 38, 16, 258, 307, 143, 567, 571, 906, 1032, 1140, 1081, 810]",
pcb442.tsp,GRASP com VND,0,442,20,484.1,1000,818,442,13523,600.000007390976,618,454.30656838417053,"[93, 312, 381, 431, 234, 193, 77, 324, 37, 439, 419, 0, 173, 197, 123, 255, 164, 386, 319, 229]","[93, 381, 193, 255, 229, 164, 77, 37, 0, 386, 173, 234, 439, 312, 319, 324, 431, 419, 197, 123]",
pcb442.tsp,GRASP com VND,1,442,20,484.1,1000,1000,442,13885,543.6568787097931,428,248.5327250957489,"[83, 303, 74, 400, 308, 222, 378, 334, 169, 407, 385, 236, 314, 429, 87, 0, 127, 270, 142, 220]","[83, 142, 407, 222, 220, 127, 74, 0, 385, 400, 270, 308, 314, 429, 303, 334, 236, 169, 378, 87]",
pcb442.tsp,GRASP com VND,2,442,20,484.1,1000,944,442,13479,600.0000107288361,39,20.73290491104126,"[74, 419, 192, 208, 247, 163, 386, 439, 324, 0, 256, 234, 318, 93, 99, 395, 381, 310, 123, 431]","[74, 0, 386, 395, 234, 439, 310, 318, 247, 163, 192, 256, 324, 431, 419, 208, 123, 93, 381, 99]",
pcb442.tsp,GRASP com VND,3,442,20,484.1,1000,1000,442,13334,467.8487935066223,478,232.90554809570312,"[377, 378, 179, 74, 312, 430, 114, 229, 319, 218, 439, 234, 262, 162, 334, 0, 231, 185, 146, 438]","[377, 378, 146, 218, 262, 334, 430, 319, 312, 439, 234, 185, 114, 0, 74, 162, 229, 231, 179, 438]",
pcb442.tsp,GRASP com VND,4,442,20,484.1,1000,1000,442,13541,599.9945197105408,697,420.1911642551422,"[78, 408, 377, 429, 0, 231, 303, 308, 162, 400, 378, 409, 229, 270, 314, 385, 169, 334, 73, 142]","[78, 162, 229, 231, 408, 142, 377, 378, 169, 409, 334, 303, 429, 314, 308, 270, 400, 385, 0, 73]",
pcb442.tsp,GRASP com VND,5,442,20,484.1,1000,1000,442,13434,525.0220997333527,671,342.6248652935028,"[378, 179, 74, 321, 307, 235, 438, 229, 440, 327, 185, 162, 314, 218, 231, 266, 377, 334, 0, 169]","[378, 377, 438, 179, 231, 229, 162, 74, 0, 440, 185, 266, 307, 314, 321, 327, 334, 235, 218, 169]",
pcb442.tsp,GRASP com VND,6,442,20,484.1,1000,1000,442,13699,568.4557929039001,53,32.911426305770874,"[169, 229, 413, 430, 175, 315, 431, 429, 400, 377, 378, 386, 0, 235, 166, 73, 99, 231, 270, 308]","[169, 378, 377, 166, 231, 229, 175, 99, 73, 0, 386, 400, 270, 308, 315, 429, 430, 431, 235, 413]",
pcb442.tsp,GRASP com VND,7,442,20,484.1,1000,891,442,13498,600.0000104904175,795,545.2237133979797,"[318, 235, 88, 99, 74, 185, 413, 285, 431, 229, 169, 378, 234, 166, 324, 162, 0, 439, 231, 440]","[318, 285, 439, 234, 185, 440, 0, 74, 99, 162, 229, 231, 166, 88, 378, 169, 413, 235, 431, 324]",
pcb442.tsp,GRASP com VND,8,442,20,484.1,1000,826,442,13931,600.0000507831573,173,129.19471764564514,"[377, 179, 378, 318, 74, 422, 175, 439, 197, 386, 234, 324, 247, 431, 99, 256, 395, 146, 310, 0]","[377, 378, 146, 197, 179, 175, 247, 256, 422, 431, 324, 318, 310, 439, 234, 395, 386, 0, 74, 99]",
pcb442.tsp,GRASP com VND,9,442,20,484.1,1000,799,442,13523,600.000006198883,234,190.62514352798462,"[93, 215, 75, 149, 321, 222, 307, 0, 326, 142, 197, 314, 238, 431, 127, 123, 84, 415, 34, 220]","[93, 84, 142, 215, 222, 220, 127, 75, 34, 0, 149, 238, 307, 314, 321, 326, 431, 415, 197, 123]",
pcb442.tsp,Lexicografico 1-swap,0,442,20,484.1,100,7,442,13858,600.0111269950867,3,244.04391598701477,"[439, 386, 285, 413, 39, 431, 378, 229, 377, 173, 99, 153, 180, 0, 261, 234, 324, 318, 231, 146]","[439, 234, 173, 386, 0, 39, 99, 153, 229, 231, 180, 377, 378, 146, 413, 261, 431, 324, 318, 285]",
pcb442.tsp,Lexicografico 1-swap,1,442,20,484.1,100,6,442,13631,600.012079000473,4,436.7712502479553,"[318, 324, 285, 264, 378, 169, 439, 162, 234, 142, 0, 77, 411, 431, 229, 74, 440, 185, 86, 231]","[318, 285, 439, 234, 185, 440, 0, 74, 77, 162, 229, 231, 411, 142, 86, 378, 169, 264, 431, 324]",
pcb442.tsp,Lexicografico 1-swap,2,442,20,484.1,100,7,442,13496,600.1523048877716,3,260.6304998397827,"[439, 74, 0, 377, 185, 229, 318, 324, 413, 231, 179, 162, 440, 378, 235, 285, 438, 169, 431, 234]","[439, 234, 185, 440, 0, 74, 162, 229, 231, 179, 438, 377, 378, 169, 413, 235, 431, 324, 318, 285]",
pcb442.tsp,Lexicografico 1-swap,3,442,20,484.1,100,9,442,13513,600.084406375885,5,321.5971713066101,"[93, 229, 0, 267, 324, 234, 439, 197, 164, 386, 285, 77, 39, 255, 180, 381, 123, 173, 318, 431]","[93, 381, 180, 255, 229, 164, 77, 39, 0, 386, 173, 234, 439, 285, 318, 324, 431, 267, 197, 123]",
pcb442.tsp,Lexicografico 1-swap,4,442,20,484.1,100,7,442,13732,600.0260806083679,3,342.46055340766907,"[88, 131, 230, 313, 334, 327, 99, 169, 211, 264, 0, 320, 164, 408, 378, 308, 270, 400, 74, 386]","[88, 378, 169, 264, 334, 327, 320, 313, 308, 270, 400, 386, 0, 74, 99, 164, 211, 230, 408, 131]",
pcb442.tsp,Lexicografico 1-swap,5,442,20,484.1,100,9,442,13389,600.0042581558228,5,329.7546589374542,"[255, 285, 93, 153, 267, 324, 234, 381, 386, 318, 431, 0, 197, 229, 123, 439, 192, 39, 173, 77]","[255, 229, 153, 77, 39, 0, 386, 173, 234, 439, 285, 318, 324, 431, 267, 197, 123, 93, 381, 192]",
pcb442.tsp,Lexicografico 1-swap,6,442,20,484.1,100,9,442,13409,600.0718433856964,5,352.6479389667511,"[93, 381, 431, 153, 39, 123, 234, 197, 318, 173, 255, 439, 0, 192, 285, 415, 229, 77, 324, 386]","[93, 381, 192, 255, 229, 153, 77, 39, 0, 386, 173, 234, 439, 285, 318, 324, 431, 415, 197, 123]",
pcb442.tsp,Lexicografico 1-swap,7,442,20,484.1,100,8,442,13884,600.0195236206055,1,94.02182292938232,"[285, 419, 226, 407, 123, 324, 439, 66, 197, 93, 318, 150, 84, 0, 222, 243, 431, 75, 138, 142]","[285, 318, 324, 431, 419, 197, 123, 93, 84, 142, 407, 222, 138, 75, 0, 66, 150, 226, 243, 439]",
pcb442.tsp,Lexicografico 1-swap,8,442,20,484.1,100,8,442,13665,600.048002243042,7,573.8551170825958,"[439, 234, 229, 312, 421, 146, 218, 0, 39, 179, 173, 430, 334, 386, 231, 378, 99, 377, 140, 319]","[439, 234, 173, 386, 0, 39, 99, 140, 229, 231, 179, 377, 378, 146, 218, 421, 334, 430, 319, 312]",
pcb442.tsp,Lexicografico 1-swap,9,442,20,484.1,100,7,442,13869,600.003208398819,2,276.09386587142944,"[285, 183, 439, 271, 438, 260, 0, 378, 229, 167, 431, 377, 324, 234, 231, 74, 318, 173, 386, 164]","[285, 318, 324, 431, 271, 260, 231, 229, 164, 167, 183, 378, 377, 438, 74, 0, 386, 173, 234, 439]",
pcb442.tsp,VNS com VND,0,442,20,484.1,100,29,442,13682,600.0014350414276,11,239.23394012451172,"[264, 318, 431, 74, 440, 155, 229, 86, 234, 324, 411, 0, 185, 378, 169, 439, 83, 230, 285, 138]","[264, 169, 378, 86, 83, 155, 411, 230, 229, 138, 74, 0, 440, 185, 234, 439, 285, 318, 324, 431]",
pcb442.tsp,VNS com VND,1,442,20,484.1,100,19,442,13496,600.0102212429047,15,500.12283182144165,"[234, 185, 162, 438, 377, 179, 324, 74, 439, 440, 318, 169, 413, 285, 229, 0, 231, 378, 431, 235]","[234, 439, 285, 318, 324, 431, 235, 413, 169, 378, 377, 438, 179, 231, 229, 162, 74, 0, 440, 185]",
pcb442.tsp,VNS com VND,2,442,20,484.1,100,22,442,13489,600.0001752376556,2,76.27533888816833,"[77, 270, 378, 223, 162, 130, 86, 295, 385, 229, 264, 400, 315, 308, 334, 327, 169, 408, 0, 73]","[77, 162, 229, 223, 408, 130, 86, 378, 169, 264, 334, 327, 295, 315, 308, 270, 400, 385, 0, 73]",
pcb442.tsp,VNS com VND,3,442,20,484.1,100,23,442,13327,600.0011315345764,20,544.8394222259521,"[136, 438, 0, 430, 439, 146, 179, 378, 319, 312, 162, 74, 231, 262, 218, 234, 229, 377, 334, 149]","[136, 0, 74, 162, 229, 231, 179, 438, 377, 378, 146, 218, 262, 334, 430, 319, 312, 439, 234, 149]",
pcb442.tsp,VNS com VND,4,442,20,484.1,100,21,442,13554,600.0073795318604,17,501.7904405593872,"[285, 439, 37, 413, 318, 192, 169, 140, 324, 78, 229, 378, 173, 231, 431, 0, 234, 386, 262, 377]","[285, 318, 324, 431, 262, 413, 169, 378, 377, 192, 231, 229, 140, 78, 37, 0, 386, 173, 234, 439]",
pcb442.tsp,VNS com VND,5,442,20,484.1,100,21,442,13806,600.0006906986237,4,181.7902009487152,"[324, 235, 164, 74, 378, 377, 439, 234, 413, 438, 229, 173, 285, 0, 386, 431, 318, 231, 167, 146]","[324, 431, 413, 235, 231, 229, 164, 167, 146, 378, 377, 438, 74, 0, 386, 173, 234, 439, 285, 318]",
pcb442.tsp,VNS com VND,6,442,20,484.1,100,19,442,13496,600.0016906261444,11,397.417986869812,"[318, 162, 440, 378, 439, 431, 234, 74, 179, 185, 285, 0, 231, 235, 324, 413, 377, 169, 229, 438]","[318, 285, 439, 234, 185, 440, 0, 74, 162, 229, 231, 179, 438, 377, 378, 169, 413, 235, 431, 324]",
pcb442.tsp,VNS com VND,7,442,20,484.1,100,23,442,13471,600.0543947219849,6,165.44591355323792,"[318, 377, 285, 229, 183, 386, 173, 431, 222, 0, 234, 140, 215, 99, 6, 167, 415, 439, 324, 378]","[318, 285, 439, 234, 173, 386, 0, 6, 99, 140, 229, 222, 215, 167, 377, 378, 183, 415, 431, 324]",
pcb442.tsp,VNS com VND,8,442,20,484.1,100,24,442,13634,600.0018119812012,2,65.74344372749329,"[77, 411, 264, 39, 0, 136, 318, 431, 378, 439, 169, 324, 86, 162, 285, 229, 149, 234, 231, 142]","[77, 162, 229, 231, 411, 142, 86, 378, 169, 264, 431, 324, 318, 285, 439, 234, 149, 136, 0, 39]",
pcb442.tsp,VNS com VND,9,442,20,484.1,100,31,442,13622,600.019106388092,7,146.69750213623047,"[431, 285, 164, 131, 255, 0, 324, 439, 183, 99, 386, 229, 74, 234, 419, 318, 88, 378, 173, 193]","[431, 324, 318, 285, 439, 234, 173, 386, 0, 74, 99, 164, 229, 255, 193, 131, 88, 378, 183, 419]",
